feature,positive_for_Issues,Complaint ID,Issue,training_context,context_is_excerpt,reviewer_notes
company wrote,Incorrect information on your report,10915142,Incorrect information on your report,Company wrote of balance as a tax break. Has not provided 1099c to me.,True,
company wrote,Incorrect information on your report,10915155,Incorrect information on your report,Company wrote balance off as a tax break. The 1099C has not been sent to me.,True,
1099,Incorrect information on your report,10660530,Incorrect information on your report,"I am a Secured Party Creditor and I submitted form 1099a to setoff this debt with Capital One bank. The IRS accepted the filing. So the account status should read paid in full, due to me submitting the 1099a. Compan",True,
1099,Incorrect information on your report,10827107,Incorrect information on your report,The company is Navy Federal credit union. My credit report states that the amount of {$9000.00} was written off but I did not receive a form 1099-C.,True,
1666 b,Problem with a company's investigation into an existing problem,10676433,Problem with a company's investigation into an existing problem,"I always pay on time, so Im unsure why Im being marked as late for certain months. USC 1666b says billing errors need to be fixed, and my account should show I paid on time.",True,
1666 b,Problem with a company's investigation into an existing problem,10679540,Problem with a company's investigation into an existing problem,"I know I always pay on time, but I dont understand why Im being reported as late in some months. Under USC 1666b, any billing mistakes must be fixed, and my account updated to reflect on-time payments.",True,
usc 1666,Problem with a company's investigation into an existing problem,10676433,Problem with a company's investigation into an existing problem,"I always pay on time, so Im unsure why Im being marked as late for certain months. USC 1666b says billing errors need to be fixed, and my account should show I paid on time.",True,
usc 1666,Problem with a company's investigation into an existing problem,10679540,Problem with a company's investigation into an existing problem,"I know I always pay on time, but I dont understand why Im being reported as late in some months. Under USC 1666b, any billing mistakes must be fixed, and my account updated to reflect on-time payments.",True,
pnc,"Other features, terms, or problems",10681616,"Other features, terms, or problems","s a strong bearing on my credit score.

One day, my credit card stops working.

I had received no warning, no email, no text, no phone, no letter.

When I call PNC for an explanation, I am told that PNC "" severed the relationship ''.

No reason, no warning. I was told I would receive a letter in the mail explaining why th",True,
pnc,"Other features, terms, or problems",10749463,"Other features, terms, or problems","PNC 's, online reminder notice of credit card amount due. PNC email notice states that a {$1000.00} is due and date due posted is 3 days prior to the actual due da",True,
target,Problem with a company's investigation into an existing problem,10714481,Problem with a company's investigation into an existing problem,"I initiated a balance transfer to a Bank of America account in XXXX, and XXXX this year. Separate transactions of $ XXXX, and $ XXXX respectively, The target account did not exist in their system despite me having a physical card in my possession. Bank of America rerouted this to a different account that I never aut",True,
target,Problem with a company's investigation into an existing problem,10817186,Problem with a company's investigation into an existing problem,"Ive had issues with paying my Target Card in the past using their app and web portal. It frequently crashes as it moves between the app and a website for payments and then freezes. Additionally, t",True,
continental,Struggling to pay your bill,10709552,Struggling to pay your bill,I asked Continental Finance for my payments deferred as my protection plan ends and I do not have a job. I emailed and no one answered. I contacted them through CFPB about my cred,True,
continental,Struggling to pay your bill,10870480,Struggling to pay your bill,"I responded to Continental Financial Company on Friday, XXXX XXXX after I was contacted about the hardship program for {$30.00} on Wednesday, XX/XX/year> to be started after my XXXX XXXX",True,
xxxx xxxx,Problem with a purchase shown on your statement,10647477,Problem with a purchase shown on your statement,Someone scammed my cash app card for XXXX XXXX XXXX XXXXXX/XX/year> I do not know what the company is or where it came from I did not give this company my card number or services it says its an internationa,True,
xxxx xxxx,Problem with a purchase shown on your statement,10647560,Problem with a purchase shown on your statement,"My son on my behalf submitted this complaint on XX/XX/scrub>XXXX XXXX XXXX XXXX The company responded that since he was not authorized to receive my financial information, they would not respond. Accordingly, I am resubmitting th",True,
xxxx points,"Other features, terms, or problems",10648025,"Other features, terms, or problems","Chase Sapphire Reserve card has a rewards program with XXXX. You get XXXX points for transit purchaes, you get an addtional XXXX points for lyft rides. Chase is currently fight with XXXX over this promotion. I am caught in the middle of it.",True,
xxxx points,"Other features, terms, or problems",10672519,"Other features, terms, or problems"," our credit line from {$4000.00} to {$660.00}, which immediately increased our utilization rate from 15 % to 100 %. This action caused our XXXX XXXX to drop by XXXX points across all repositories. As a result, were now facing a potential cascade of other credit lines being lowered, which would further damage our score. This situa",True,
{ $,Fees or interest,10658018,Fees or interest,"On XXXX XXXX, 2024, I received an email saying that I have a minimum payment of {$30.00} due on a card I have never used. I called in the system tells me that I have a {$51.00} balance. I finally got a representative on the phone and she tell",True,
{ $,Fees or interest,10658062,Fees or interest,"On XX/XX/XXXX they charged me an "" interest charge on purchases '' of {$2.00}. Fine. 
Then on XX/XX/XXXX they charged me a late fee of {$41.00}. 
Then I made a payment of {$10.00}. 
On XX/XX/XXXX, I made another payment of {$34.00}.",True,
declared disaster,Struggling to pay your bill,10754656,Struggling to pay your bill,I would like the company to remove any late payments from my account due to me being a victim of identity theft and a victim of a nationally declared disaster due to flooding.,True,
declared disaster,Struggling to pay your bill,10755110,Struggling to pay your bill,I am a victim of identity theft and I was affected by the national declared disaster,True,
. certified,Problem with a company's investigation into an existing problem,10742583,Problem with a company's investigation into an existing problem,"First Progress Card, is yet to respond to my letter dated XXXX XXXX. Certified mail # XXXX.",True,
. certified,Problem with a company's investigation into an existing problem,10797034,Closing your account,orting to Credit Reporting Agencies due to the unlawful closing of my account after I called on XX/XX/year> to check on the status of the payment I sent via U.S. Certified Mail a Restrictive Words/Endorsement payment to the address listed for Restrictive Words/Endorsement payments on my original contract agreement in the payments,True,
issue,"Other features, terms, or problems",10653045,"Other features, terms, or problems"," XXXX and dont have much credit history yet. 
I dont feel treated well by Capital One in this matter and no one ever contacted me, or talked with me about this issue. It was the opposite, I was told that the returned payments I had are not a big issue and as long as I make future payments on-time, there will not be any repo",True,
issue,"Other features, terms, or problems",10662587,"Other features, terms, or problems","rchase, we noticed that the full $ XXXX was due in full on the first bill. I reached out to Chase to discuss the error and see what we could do to resolve this issue. Every person I spoke with at Chase said there was no other solution then pay in full. 

In turn, since we could not make this payment, they closed the account",True,
