true_Issue,"Advertising and marketing, including promotional offers",Closing your account,Fees or interest,Getting a credit card,Incorrect information on your report,"Other features, terms, or problems",Problem when making payments,Problem with a company's investigation into an existing problem,Problem with a purchase shown on your statement,Struggling to pay your bill,Trouble using your card
"Advertising and marketing, including promotional offers",65,1,30,7,0,28,0,0,15,0,5
Closing your account,0,147,21,14,11,15,9,0,8,0,7
Fees or interest,4,11,269,5,0,18,29,0,19,1,3
Getting a credit card,5,7,2,249,11,20,1,1,12,0,2
Incorrect information on your report,1,6,4,28,30,1,9,0,5,0,0
"Other features, terms, or problems",22,38,30,28,6,122,20,1,75,0,8
Problem when making payments,1,5,35,9,6,24,108,1,14,2,7
Problem with a company's investigation into an existing problem,0,4,5,12,6,2,4,3,10,0,0
Problem with a purchase shown on your statement,3,9,26,14,5,22,12,0,688,0,3
Struggling to pay your bill,0,8,5,4,0,6,6,0,1,3,2
Trouble using your card,1,17,6,10,1,16,13,0,22,0,48
