Issue,precision,recall,f1,support
"Advertising and marketing, including promotional offers",0.7407407407407407,0.26490066225165565,0.3902439024390244,151
Closing your account,0.5887850467289719,0.5431034482758621,0.5650224215246636,232
Fees or interest,0.6035634743875279,0.754874651810585,0.6707920792079208,359
Getting a credit card,0.6473684210526316,0.7935483870967742,0.7130434782608696,310
Incorrect information on your report,0.5161290322580645,0.19047619047619047,0.2782608695652174,84
"Other features, terms, or problems",0.38961038961038963,0.34285714285714286,0.364741641337386,350
Problem when making payments,0.5434782608695652,0.35377358490566035,0.42857142857142855,212
Problem with a company's investigation into an existing problem,1.0,0.06521739130434782,0.12244897959183673,46
Problem with a purchase shown on your statement,0.6654411764705882,0.9258312020460358,0.774331550802139,782
Struggling to pay your bill,0.0,0.0,0.0,35
Trouble using your card,0.7666666666666667,0.17164179104477612,0.2804878048780488,134
