Issue,precision_tfidf,recall_tfidf,f1_tfidf,support_tfidf,precision_embedding,recall_embedding,f1_embedding,support_embedding,f1_difference_embedding_minus_tfidf
"Advertising and marketing, including promotional offers",0.6090225563909775,0.5364238410596026,0.5704225352112676,151,0.488235294117647,0.5496688741721855,0.5171339563862928,151,-0.05328857882497484
Closing your account,0.5983263598326359,0.6163793103448276,0.6072186836518046,232,0.5967741935483871,0.6379310344827587,0.6166666666666667,232,0.00944798301486205
Fees or interest,0.6425,0.7158774373259053,0.6772068511198946,359,0.7073170731707317,0.6462395543175488,0.6754002911208151,359,-0.0018065599990795267
Getting a credit card,0.629156010230179,0.7935483870967742,0.7018544935805991,310,0.6560509554140127,0.6645161290322581,0.6602564102564102,310,-0.041598083324188906
Incorrect information on your report,0.3564356435643564,0.4285714285714285,0.3891891891891892,84,0.2700729927007299,0.4404761904761904,0.334841628959276,84,-0.05434756022991322
"Other features, terms, or problems",0.4747474747474747,0.2685714285714285,0.3430656934306569,350,0.4217391304347826,0.2771428571428571,0.3344827586206896,350,-0.008582934809967302
Problem when making payments,0.48582995951417,0.5660377358490566,0.5228758169934641,212,0.4561403508771929,0.490566037735849,0.4727272727272727,212,-0.050148544266191364
Problem with a company's investigation into an existing problem,0.4,0.1304347826086956,0.1967213114754098,46,0.15,0.3260869565217391,0.2054794520547945,46,0.008758140579384704
Problem with a purchase shown on your statement,0.8155339805825242,0.8593350383631714,0.8368617683686177,782,0.8589385474860335,0.7864450127877238,0.8210947930574098,782,-0.015766975311207854
Struggling to pay your bill,0.3333333333333333,0.2285714285714285,0.2711864406779661,35,0.2571428571428571,0.5142857142857142,0.3428571428571428,35,0.0716707021791767
Trouble using your card,0.5284552845528455,0.4850746268656716,0.5058365758754864,134,0.4675324675324675,0.5373134328358209,0.5,134,-0.005836575875486361
