split,max_sequence_length,content_capacity,retention_threshold_percent,qualifying_narratives,total_narratives,percentage
train,128,126,50,1451,2424,59.85973597359736
train,128,126,75,977,2424,40.305280528052805
train,128,126,90,816,2424,33.663366336633665
train,128,126,100,721,2424,29.744224422442244
train,256,254,50,2112,2424,87.12871287128714
train,256,254,75,1794,2424,74.00990099009901
train,256,254,90,1589,2424,65.55280528052805
train,256,254,100,1466,2424,60.47854785478548
train,384,382,50,2313,2424,95.42079207920791
train,384,382,75,2113,2424,87.16996699669967
train,384,382,90,2000,2424,82.50825082508251
train,384,382,100,1916,2424,79.04290429042904
train,512,510,50,2374,2424,97.93729372937293
train,512,510,75,2273,2424,93.77062706270627
train,512,510,90,2184,2424,90.0990099009901
train,512,510,100,2115,2424,87.25247524752476
validation,128,126,50,1605,2695,59.554730983302406
validation,128,126,75,1102,2695,40.890538033395174
validation,128,126,90,893,2695,33.13543599257885
validation,128,126,100,794,2695,29.461966604823747
validation,256,254,50,2364,2695,87.71799628942486
validation,256,254,75,1963,2695,72.83858998144711
validation,256,254,90,1741,2695,64.60111317254174
validation,256,254,100,1620,2695,60.1113172541744
validation,384,382,50,2577,2695,95.62152133580705
validation,384,382,75,2366,2695,87.79220779220779
validation,384,382,90,2207,2695,81.89239332096476
validation,384,382,100,2100,2695,77.92207792207793
validation,512,510,50,2638,2695,97.88497217068645
validation,512,510,75,2528,2695,93.80333951762523
validation,512,510,90,2434,2695,90.31539888682745
validation,512,510,100,2368,2695,87.86641929499072
