source,Company response to consumer,rows,narratives
CCDB_Export_14_November_2025_through_December_2025.csv,Closed with explanation,639565,88846
CCDB_Export_14_November_2025_through_December_2025.csv,Closed with monetary relief,5013,2539
CCDB_Export_14_November_2025_through_December_2025.csv,Closed with non-monetary relief,361972,42563
CCDB_Export_14_November_2025_through_December_2025.csv,In progress,1,0
CCDB_Export_14_November_2025_through_December_2025.csv,Untimely response,2581,693
CCDB_Export_8_November_2024_through_December_2024.csv,Closed with explanation,306327,88608
CCDB_Export_8_November_2024_through_December_2024.csv,Closed with monetary relief,4252,2552
CCDB_Export_8_November_2024_through_December_2024.csv,Closed with non-monetary relief,280148,63598
CCDB_Export_8_November_2024_through_December_2024.csv,Untimely response,331,158
