year,Issue,Sub-issue,rows
2024,"Advertising and marketing, including promotional offers",Confusing or misleading advertising about the credit card,173
2024,"Advertising and marketing, including promotional offers",Didn't receive advertised or promotional terms,247
2024,Closing your account,Can't close your account,181
2024,Closing your account,Company closed your account,604
2024,Credit monitoring or identity theft protection services,Billing dispute for services,13
2024,Credit monitoring or identity theft protection services,Didn't receive services that were advertised,2
2024,Credit monitoring or identity theft protection services,Problem canceling credit monitoring or identify theft protection service,8
2024,Credit monitoring or identity theft protection services,Problem with product or service terms changing,5
2024,Credit monitoring or identity theft protection services,Received unwanted marketing or advertising,3
2024,Fees or interest,Charged too much interest,305
2024,Fees or interest,Problem with fees,689
2024,Fees or interest,Unexpected increase in interest rate,102
2024,Getting a credit card,Application denied,369
2024,Getting a credit card,Card opened without my consent or knowledge,1029
2024,Getting a credit card,Delay in processing application,66
2024,Getting a credit card,Problem getting a working replacement card,41
2024,Getting a credit card,Sent card you never applied for,70
2024,Improper use of your report,Credit inquiries on your report that you don't recognize,42
2024,Improper use of your report,Received unsolicited financial product or insurance offers after opting out,3
2024,Improper use of your report,Report provided to employer without your written authorization,1
2024,Improper use of your report,Reporting company used your report improperly,60
2024,Incorrect information on your report,Account information incorrect,173
2024,Incorrect information on your report,Account status incorrect,1708
2024,Incorrect information on your report,Information belongs to someone else,152
2024,Incorrect information on your report,Information is missing that should be on the report,7
2024,Incorrect information on your report,Old information reappears or never goes away,20
2024,Incorrect information on your report,Personal information incorrect,8
2024,Incorrect information on your report,Public record information inaccurate,6
2024,"Other features, terms, or problems",Add-on products and services,25
2024,"Other features, terms, or problems",Credit card company forcing arbitration,17
2024,"Other features, terms, or problems",Other problem,580
2024,"Other features, terms, or problems",Privacy issues,105
2024,"Other features, terms, or problems",Problem with balance transfer,75
2024,"Other features, terms, or problems",Problem with cash advances,14
2024,"Other features, terms, or problems",Problem with convenience check,5
2024,"Other features, terms, or problems",Problem with customer service,96
2024,"Other features, terms, or problems",Problem with rewards from credit card,253
2024,Problem when making payments,Problem during payment process,564
2024,Problem when making payments,You never received your bill or did not know a payment was due,117
2024,Problem with a company's investigation into an existing problem,Difficulty submitting a dispute or getting information about a dispute over the phone,19
2024,Problem with a company's investigation into an existing problem,Investigation took more than 30 days,20
2024,Problem with a company's investigation into an existing problem,Problem with personal statement of dispute,24
2024,Problem with a company's investigation into an existing problem,Their investigation did not fix an error on your report,237
2024,Problem with a company's investigation into an existing problem,Was not notified of investigation status or results,1484
2024,Problem with a purchase shown on your statement,Card was charged for something you did not purchase with the card,585
2024,Problem with a purchase shown on your statement,Credit card company isn't resolving a dispute about a purchase on your statement,1801
2024,Problem with a purchase shown on your statement,Overcharged for something you did purchase with the card,93
2024,Problem with fraud alerts or security freezes,,10
2024,Struggling to pay your bill,Credit card company won't work with you while you're going through financial hardship,155
2024,Struggling to pay your bill,Filed for bankruptcy,8
2024,Struggling to pay your bill,Problem lowering your monthly payments,9
2024,Trouble using your card,Account sold or transferred to another company,10
2024,Trouble using your card,Can't use card to make purchases,281
2024,Trouble using your card,Credit card company won't increase or decrease your credit limit,108
2024,Unable to get your credit report or credit score,Other problem getting your report or credit score,10
2025,"Advertising and marketing, including promotional offers",Confusing or misleading advertising about the credit card,269
2025,"Advertising and marketing, including promotional offers",Didn't receive advertised or promotional terms,313
2025,Closing your account,Can't close your account,208
2025,Closing your account,Company closed your account,920
2025,Credit monitoring or identity theft protection services,Billing dispute for services,13
2025,Credit monitoring or identity theft protection services,Didn't receive services that were advertised,1
2025,Credit monitoring or identity theft protection services,Problem canceling credit monitoring or identify theft protection service,7
2025,Credit monitoring or identity theft protection services,Problem with product or service terms changing,2
2025,Fees or interest,Charged too much interest,433
2025,Fees or interest,Problem with fees,936
2025,Fees or interest,Unexpected increase in interest rate,147
2025,Getting a credit card,Application denied,276
2025,Getting a credit card,Card opened without my consent or knowledge,1303
2025,Getting a credit card,Delay in processing application,79
2025,Getting a credit card,Problem getting a working replacement card,67
2025,Getting a credit card,Sent card you never applied for,96
2025,Improper use of your report,Credit inquiries on your report that you don't recognize,42
2025,Improper use of your report,Report provided to employer without your written authorization,2
2025,Improper use of your report,Reporting company used your report improperly,70
2025,Incorrect information on your report,Account information incorrect,279
2025,Incorrect information on your report,Account status incorrect,977
2025,Incorrect information on your report,Information belongs to someone else,214
2025,Incorrect information on your report,Information is missing that should be on the report,9
2025,Incorrect information on your report,Old information reappears or never goes away,18
2025,Incorrect information on your report,Personal information incorrect,9
2025,Incorrect information on your report,Public record information inaccurate,7
2025,"Other features, terms, or problems",Add-on products and services,45
2025,"Other features, terms, or problems",Credit card company forcing arbitration,16
2025,"Other features, terms, or problems",Other problem,738
2025,"Other features, terms, or problems",Privacy issues,77
2025,"Other features, terms, or problems",Problem with balance transfer,104
2025,"Other features, terms, or problems",Problem with cash advances,15
2025,"Other features, terms, or problems",Problem with convenience check,7
2025,"Other features, terms, or problems",Problem with customer service,144
2025,"Other features, terms, or problems",Problem with rewards from credit card,370
2025,Problem when making payments,Problem during payment process,660
2025,Problem when making payments,You never received your bill or did not know a payment was due,83
2025,Problem with a company's investigation into an existing problem,Difficulty submitting a dispute or getting information about a dispute over the phone,36
2025,Problem with a company's investigation into an existing problem,Investigation took more than 30 days,12
2025,Problem with a company's investigation into an existing problem,Problem with personal statement of dispute,50
2025,Problem with a company's investigation into an existing problem,Their investigation did not fix an error on your report,294
2025,Problem with a company's investigation into an existing problem,Was not notified of investigation status or results,235
2025,Problem with a purchase shown on your statement,Card was charged for something you did not purchase with the card,884
2025,Problem with a purchase shown on your statement,Credit card company isn't resolving a dispute about a purchase on your statement,3278
2025,Problem with a purchase shown on your statement,Overcharged for something you did purchase with the card,113
2025,Problem with fraud alerts or security freezes,,17
2025,Struggling to pay your bill,Credit card company won't work with you while you're going through financial hardship,218
2025,Struggling to pay your bill,Filed for bankruptcy,7
2025,Struggling to pay your bill,Problem lowering your monthly payments,19
2025,Trouble using your card,Account sold or transferred to another company,10
2025,Trouble using your card,Can't use card to make purchases,388
2025,Trouble using your card,Credit card company won't increase or decrease your credit limit,192
2025,Unable to get your credit report or credit score,Other problem getting your report or credit score,11
