year,Product,Sub-product,Issue,rows,narratives
2024,Credit card,General-purpose credit card or charge card,"Advertising and marketing, including promotional offers",355,238
2024,Credit card,General-purpose credit card or charge card,Closing your account,661,373
2024,Credit card,General-purpose credit card or charge card,Credit monitoring or identity theft protection services,26,10
2024,Credit card,General-purpose credit card or charge card,Fees or interest,824,507
2024,Credit card,General-purpose credit card or charge card,Getting a credit card,1380,601
2024,Credit card,General-purpose credit card or charge card,Improper use of your report,90,37
2024,Credit card,General-purpose credit card or charge card,Incorrect information on your report,2005,179
2024,Credit card,General-purpose credit card or charge card,"Other features, terms, or problems",1031,596
2024,Credit card,General-purpose credit card or charge card,Problem when making payments,574,315
2024,Credit card,General-purpose credit card or charge card,Problem with a company's investigation into an existing problem,1749,234
2024,Credit card,General-purpose credit card or charge card,Problem with a purchase shown on your statement,2247,1334
2024,Credit card,General-purpose credit card or charge card,Problem with fraud alerts or security freezes,9,6
2024,Credit card,General-purpose credit card or charge card,Struggling to pay your bill,150,70
2024,Credit card,General-purpose credit card or charge card,Trouble using your card,355,223
2024,Credit card,General-purpose credit card or charge card,Unable to get your credit report or credit score,9,3
2024,Credit card,Store credit card,"Advertising and marketing, including promotional offers",65,44
2024,Credit card,Store credit card,Closing your account,124,83
2024,Credit card,Store credit card,Credit monitoring or identity theft protection services,5,3
2024,Credit card,Store credit card,Fees or interest,272,190
2024,Credit card,Store credit card,Getting a credit card,195,99
2024,Credit card,Store credit card,Improper use of your report,16,6
2024,Credit card,Store credit card,Incorrect information on your report,69,25
2024,Credit card,Store credit card,"Other features, terms, or problems",139,84
2024,Credit card,Store credit card,Problem when making payments,107,69
2024,Credit card,Store credit card,Problem with a company's investigation into an existing problem,35,20
2024,Credit card,Store credit card,Problem with a purchase shown on your statement,232,139
2024,Credit card,Store credit card,Problem with fraud alerts or security freezes,1,1
2024,Credit card,Store credit card,Struggling to pay your bill,22,10
2024,Credit card,Store credit card,Trouble using your card,44,27
2024,Credit card,Store credit card,Unable to get your credit report or credit score,1,1
2025,Credit card,General-purpose credit card or charge card,"Advertising and marketing, including promotional offers",478,266
2025,Credit card,General-purpose credit card or charge card,Closing your account,996,501
2025,Credit card,General-purpose credit card or charge card,Credit monitoring or identity theft protection services,20,8
2025,Credit card,General-purpose credit card or charge card,Fees or interest,1080,586
2025,Credit card,General-purpose credit card or charge card,Getting a credit card,1554,619
2025,Credit card,General-purpose credit card or charge card,Improper use of your report,100,47
2025,Credit card,General-purpose credit card or charge card,Incorrect information on your report,1392,423
2025,Credit card,General-purpose credit card or charge card,"Other features, terms, or problems",1384,739
2025,Credit card,General-purpose credit card or charge card,Problem when making payments,637,283
2025,Credit card,General-purpose credit card or charge card,Problem with a company's investigation into an existing problem,558,170
2025,Credit card,General-purpose credit card or charge card,Problem with a purchase shown on your statement,3915,1867
2025,Credit card,General-purpose credit card or charge card,Problem with fraud alerts or security freezes,15,5
2025,Credit card,General-purpose credit card or charge card,Struggling to pay your bill,225,90
2025,Credit card,General-purpose credit card or charge card,Trouble using your card,540,290
2025,Credit card,General-purpose credit card or charge card,Unable to get your credit report or credit score,9,3
2025,Credit card,Store credit card,"Advertising and marketing, including promotional offers",104,56
2025,Credit card,Store credit card,Closing your account,132,69
2025,Credit card,Store credit card,Credit monitoring or identity theft protection services,3,0
2025,Credit card,Store credit card,Fees or interest,436,251
2025,Credit card,Store credit card,Getting a credit card,267,122
2025,Credit card,Store credit card,Improper use of your report,14,4
2025,Credit card,Store credit card,Incorrect information on your report,121,52
2025,Credit card,Store credit card,"Other features, terms, or problems",132,75
2025,Credit card,Store credit card,Problem when making payments,106,52
2025,Credit card,Store credit card,Problem with a company's investigation into an existing problem,69,24
2025,Credit card,Store credit card,Problem with a purchase shown on your statement,360,193
2025,Credit card,Store credit card,Problem with fraud alerts or security freezes,2,2
2025,Credit card,Store credit card,Struggling to pay your bill,19,11
2025,Credit card,Store credit card,Trouble using your card,50,27
2025,Credit card,Store credit card,Unable to get your credit report or credit score,2,1
