Complaint ID,year,Issue,exact_hash
16961555,2025,Incorrect information on your report,29b512b341539dca23064852eaf8446b83de2a91990a96f2bee7744aa542f6b5
16941606,2025,Incorrect information on your report,29b512b341539dca23064852eaf8446b83de2a91990a96f2bee7744aa542f6b5
16941631,2025,Incorrect information on your report,29b512b341539dca23064852eaf8446b83de2a91990a96f2bee7744aa542f6b5
16941569,2025,Incorrect information on your report,417dea9010a0998f3ac3971b7b518d45188daf6328e64313ba0e6c67fc648fb5
16941353,2025,Incorrect information on your report,8c5e48e76a0044ef7357b05af61c165b5fcbf3232f57b418bee5949275a83f1c
16941039,2025,Incorrect information on your report,8c5e48e76a0044ef7357b05af61c165b5fcbf3232f57b418bee5949275a83f1c
16961622,2025,Incorrect information on your report,18cb9f8257756e37dd54267e2885cca52f6c049eaacf31e75bda92adfa9350fc
16940982,2025,Incorrect information on your report,18cb9f8257756e37dd54267e2885cca52f6c049eaacf31e75bda92adfa9350fc
16940410,2025,Incorrect information on your report,417dea9010a0998f3ac3971b7b518d45188daf6328e64313ba0e6c67fc648fb5
16940257,2025,Incorrect information on your report,8c5e48e76a0044ef7357b05af61c165b5fcbf3232f57b418bee5949275a83f1c
16941126,2025,Incorrect information on your report,417dea9010a0998f3ac3971b7b518d45188daf6328e64313ba0e6c67fc648fb5
16999301,2025,Incorrect information on your report,60fc937da3ada1eecce0791f97b99cd5a7e716074726c013f38c61cd5528f442
16998060,2025,Incorrect information on your report,60fc937da3ada1eecce0791f97b99cd5a7e716074726c013f38c61cd5528f442
16997481,2025,Incorrect information on your report,60fc937da3ada1eecce0791f97b99cd5a7e716074726c013f38c61cd5528f442
16997347,2025,Incorrect information on your report,14b3188b6b23ccd606f76bbef83e74ef1b61acaaac48aee8779d2bbda1fc0207
16995805,2025,Incorrect information on your report,16dd4dad3aa5032c65fddda8460058fd6ac454d4e1a2239538250e3d3b806d52
16995707,2025,Incorrect information on your report,16dd4dad3aa5032c65fddda8460058fd6ac454d4e1a2239538250e3d3b806d52
16995603,2025,Incorrect information on your report,7dfb546c341460073aca3e1396393422ec5f63272db6f28e10ce8a58dc8770b8
16995120,2025,Incorrect information on your report,14b3188b6b23ccd606f76bbef83e74ef1b61acaaac48aee8779d2bbda1fc0207
16994741,2025,Incorrect information on your report,b1a4829301787310dd88218dfc8f904cd0f99c05304ac4fe961dc49371f4b879
16994733,2025,Incorrect information on your report,190baee2283a41d8c9300ec70cf8fd761cf6f9015f002bb6d2a383975646ae58
16994385,2025,Incorrect information on your report,b1a4829301787310dd88218dfc8f904cd0f99c05304ac4fe961dc49371f4b879
16994520,2025,Incorrect information on your report,190baee2283a41d8c9300ec70cf8fd761cf6f9015f002bb6d2a383975646ae58
16993907,2025,Incorrect information on your report,190baee2283a41d8c9300ec70cf8fd761cf6f9015f002bb6d2a383975646ae58
16994787,2025,Incorrect information on your report,14b3188b6b23ccd606f76bbef83e74ef1b61acaaac48aee8779d2bbda1fc0207
16994842,2025,Incorrect information on your report,7dfb546c341460073aca3e1396393422ec5f63272db6f28e10ce8a58dc8770b8
16994449,2025,Incorrect information on your report,7dfb546c341460073aca3e1396393422ec5f63272db6f28e10ce8a58dc8770b8
16993372,2025,Incorrect information on your report,4509b8faad1ffa779f537295ddfa6c3fedd809d29dc8b60b21e412bb110b34db
16993479,2025,Incorrect information on your report,4509b8faad1ffa779f537295ddfa6c3fedd809d29dc8b60b21e412bb110b34db
16992390,2025,Incorrect information on your report,10c3eb9266a404affe34df40b1a35f82cb2621c2d75d673eaec4b6953d7f8739
16991700,2025,Incorrect information on your report,10c3eb9266a404affe34df40b1a35f82cb2621c2d75d673eaec4b6953d7f8739
16990004,2025,Incorrect information on your report,cbdc7baa2a858e6d9c11673a00ab42ca1553655278725fc857e5dea471773378
16988933,2025,Incorrect information on your report,cbdc7baa2a858e6d9c11673a00ab42ca1553655278725fc857e5dea471773378
16988167,2025,Incorrect information on your report,a1a67fee3887435bdc7b03114d8d19121fe0c5905c0c8ffa82df0421b46bbf5b
16987981,2025,Incorrect information on your report,9a069a0a09ea9f84f226bb817fb92fecc1e05c19ed45a99a1d81de9ce26f19f4
16987602,2025,Incorrect information on your report,9a069a0a09ea9f84f226bb817fb92fecc1e05c19ed45a99a1d81de9ce26f19f4
16987361,2025,Incorrect information on your report,a1a67fee3887435bdc7b03114d8d19121fe0c5905c0c8ffa82df0421b46bbf5b
17002570,2025,Incorrect information on your report,a1a67fee3887435bdc7b03114d8d19121fe0c5905c0c8ffa82df0421b46bbf5b
16986190,2025,Incorrect information on your report,c82b9300588a64b9f3e5c13a2b6c363b026cf9870cf848681d4504a3f4fa8e47
17002802,2025,Problem with a company's investigation into an existing problem,d8492d3e977d82d72d8cc02a2b2cc545a74c66e1323c867bb2da437ea010d43e
16982446,2025,Incorrect information on your report,636636510fd07e0bfd22320b4454ff2083a79c3b5c8d8d0014968cce0dcbeaf7
17002354,2025,Incorrect information on your report,9541962e6f079c0e9de15e3a3a2fdeb473806fbd1142b59d424cb03605c31306
16981454,2025,Incorrect information on your report,715ac45180bb9cb1adbb04238416e22f7c48b84d7362fa1ee7c7169f1b3dae03
16981054,2025,Incorrect information on your report,636636510fd07e0bfd22320b4454ff2083a79c3b5c8d8d0014968cce0dcbeaf7
16980629,2025,Incorrect information on your report,636636510fd07e0bfd22320b4454ff2083a79c3b5c8d8d0014968cce0dcbeaf7
16978895,2025,Incorrect information on your report,715ac45180bb9cb1adbb04238416e22f7c48b84d7362fa1ee7c7169f1b3dae03
16980871,2025,Incorrect information on your report,7617d72ea5d89befa5307df013e298c3acb19a2d22116d77efe464f077fc43b1
17002658,2025,Incorrect information on your report,715ac45180bb9cb1adbb04238416e22f7c48b84d7362fa1ee7c7169f1b3dae03
16980270,2025,Incorrect information on your report,715ac45180bb9cb1adbb04238416e22f7c48b84d7362fa1ee7c7169f1b3dae03
16980488,2025,Incorrect information on your report,16cd70f74394fe9c9582e236078e0dd9ef8fed7771f648da507a93210cedd429
16980314,2025,Incorrect information on your report,16cd70f74394fe9c9582e236078e0dd9ef8fed7771f648da507a93210cedd429
16981988,2025,Incorrect information on your report,bb980da960f5086808bc9f961b657c7441ad444cae72244d8aa31270e5d3e5fc
16978182,2025,Incorrect information on your report,7617d72ea5d89befa5307df013e298c3acb19a2d22116d77efe464f077fc43b1
16979736,2025,Incorrect information on your report,bb980da960f5086808bc9f961b657c7441ad444cae72244d8aa31270e5d3e5fc
16978960,2025,Incorrect information on your report,bb980da960f5086808bc9f961b657c7441ad444cae72244d8aa31270e5d3e5fc
16978866,2025,Incorrect information on your report,bb980da960f5086808bc9f961b657c7441ad444cae72244d8aa31270e5d3e5fc
16978679,2025,Incorrect information on your report,bb980da960f5086808bc9f961b657c7441ad444cae72244d8aa31270e5d3e5fc
17026051,2025,Incorrect information on your report,c52ea41d8c0a373ad2f676da281f66172d2c41b80261f89f4a63e1fc87268610
17025672,2025,Incorrect information on your report,c52ea41d8c0a373ad2f676da281f66172d2c41b80261f89f4a63e1fc87268610
17025131,2025,Incorrect information on your report,c52ea41d8c0a373ad2f676da281f66172d2c41b80261f89f4a63e1fc87268610
17019813,2025,Incorrect information on your report,e0d9d411c07e507319f26f857c028d890cdad8ae20f63dd575267b8c423a2a8e
17019313,2025,Incorrect information on your report,e0d9d411c07e507319f26f857c028d890cdad8ae20f63dd575267b8c423a2a8e
17017610,2025,Incorrect information on your report,567ac32d4962770b69d56b145f16ebb5145e3bb7a81c369df94bce74cab1707f
17017200,2025,Incorrect information on your report,567ac32d4962770b69d56b145f16ebb5145e3bb7a81c369df94bce74cab1707f
17017634,2025,Incorrect information on your report,1ffbf2fa5a50a3f93e2752625b5429d939ab7f82592f1fceab4e6e0cd184cf11
17015067,2025,Incorrect information on your report,567ac32d4962770b69d56b145f16ebb5145e3bb7a81c369df94bce74cab1707f
17015111,2025,Incorrect information on your report,9fa69ebae53a64372a2ff471af1f31965d7529c89cea1a0d893dfd04ec69a61a
17007380,2025,Incorrect information on your report,7fa7c6aba0b15c11b21203f1c233fda54495afe7eb25230e6574d42885bcd4b1
17013848,2025,Incorrect information on your report,f8b7e875f4fd5895ab1fd1d8b139c9e0fdd756f98eb1b560982af05303ab06c4
17013539,2025,Incorrect information on your report,7fa7c6aba0b15c11b21203f1c233fda54495afe7eb25230e6574d42885bcd4b1
17012642,2025,Incorrect information on your report,f8b7e875f4fd5895ab1fd1d8b139c9e0fdd756f98eb1b560982af05303ab06c4
17012429,2025,Incorrect information on your report,9fa69ebae53a64372a2ff471af1f31965d7529c89cea1a0d893dfd04ec69a61a
17012186,2025,Incorrect information on your report,f8b7e875f4fd5895ab1fd1d8b139c9e0fdd756f98eb1b560982af05303ab06c4
17011371,2025,Incorrect information on your report,77dee8766d7ecde5ebf447b320367a67f83e6822c5c0d50ab38e65fc48cb7927
17011548,2025,Incorrect information on your report,77dee8766d7ecde5ebf447b320367a67f83e6822c5c0d50ab38e65fc48cb7927
17006674,2025,Incorrect information on your report,77dee8766d7ecde5ebf447b320367a67f83e6822c5c0d50ab38e65fc48cb7927
17011134,2025,Incorrect information on your report,62591ceba65b90e9ec326bdded8092bab09b013e9af138498d40c82ef339ef41
17010660,2025,Incorrect information on your report,62591ceba65b90e9ec326bdded8092bab09b013e9af138498d40c82ef339ef41
17008591,2025,Incorrect information on your report,62591ceba65b90e9ec326bdded8092bab09b013e9af138498d40c82ef339ef41
17049354,2025,Problem with a purchase shown on your statement,8a15bde227b106583dc4c38bf69d9b19f1a2fe6415982d1c5def8067f70eb5d0
17048154,2025,Problem with a purchase shown on your statement,8a15bde227b106583dc4c38bf69d9b19f1a2fe6415982d1c5def8067f70eb5d0
17049216,2025,Incorrect information on your report,b749143cafebdc206a4bf53116702404276029509f60137df139f888c5672911
17048340,2025,Incorrect information on your report,b749143cafebdc206a4bf53116702404276029509f60137df139f888c5672911
17043285,2025,Incorrect information on your report,9f27a2e73932340abdfb28c8c623cfeeb146ec2b0a4efdb6318c25ff3ac94e6f
17041968,2025,Incorrect information on your report,9f27a2e73932340abdfb28c8c623cfeeb146ec2b0a4efdb6318c25ff3ac94e6f
17031545,2025,Incorrect information on your report,1ffbf2fa5a50a3f93e2752625b5429d939ab7f82592f1fceab4e6e0cd184cf11
17031020,2025,Getting a credit card,5f863237a64ab6145f99db8bfb161c2cf2666442a4c75deb07948d693992ea15
17055763,2025,Getting a credit card,5f863237a64ab6145f99db8bfb161c2cf2666442a4c75deb07948d693992ea15
17036096,2025,Getting a credit card,5f863237a64ab6145f99db8bfb161c2cf2666442a4c75deb07948d693992ea15
17070420,2025,Problem with a company's investigation into an existing problem,f5ce9dfd53e1b73fc0ac6ff2656ced6034f8063ff1797b845da9d55c64a3327b
17068743,2025,Problem with a company's investigation into an existing problem,f5ce9dfd53e1b73fc0ac6ff2656ced6034f8063ff1797b845da9d55c64a3327b
17111928,2025,Incorrect information on your report,1ef8ae85b883a15910deefc39af97770f2f9731b75c05fdd4f079ab4b65a3b70
17111486,2025,Incorrect information on your report,d1944a749a0800ab078353988e8dbb421a07423af16c24b5a1de52d6f1f1d979
17111521,2025,Incorrect information on your report,d1944a749a0800ab078353988e8dbb421a07423af16c24b5a1de52d6f1f1d979
17127041,2025,Incorrect information on your report,1ef8ae85b883a15910deefc39af97770f2f9731b75c05fdd4f079ab4b65a3b70
17127021,2025,Incorrect information on your report,e76c216bacce19099780b265bfde347ba2c20a17e2433102431899b8bd1dbf8d
17111476,2025,Incorrect information on your report,d1944a749a0800ab078353988e8dbb421a07423af16c24b5a1de52d6f1f1d979
17125985,2025,Incorrect information on your report,e76c216bacce19099780b265bfde347ba2c20a17e2433102431899b8bd1dbf8d
17126618,2025,Incorrect information on your report,31a39841ee2bb957f73d904bf242ab78042fb0e161d2afa963bd40a2c9823ac4
17126730,2025,Incorrect information on your report,31a39841ee2bb957f73d904bf242ab78042fb0e161d2afa963bd40a2c9823ac4
17126449,2025,Incorrect information on your report,31a39841ee2bb957f73d904bf242ab78042fb0e161d2afa963bd40a2c9823ac4
17126559,2025,Incorrect information on your report,fa5670bedef324db2ab6d506e85cf4372767dc2920d316cfcf91f6e62846b4a1
17126523,2025,Incorrect information on your report,fa5670bedef324db2ab6d506e85cf4372767dc2920d316cfcf91f6e62846b4a1
17126515,2025,Incorrect information on your report,fa5670bedef324db2ab6d506e85cf4372767dc2920d316cfcf91f6e62846b4a1
17127284,2025,Incorrect information on your report,e76c216bacce19099780b265bfde347ba2c20a17e2433102431899b8bd1dbf8d
17128727,2025,Incorrect information on your report,c82b9300588a64b9f3e5c13a2b6c363b026cf9870cf848681d4504a3f4fa8e47
17129377,2025,Incorrect information on your report,adabd2367be5d5d71cdd9f2598e63b72ef3cd765aeca066baeb71aa786bc0b11
17129092,2025,Incorrect information on your report,adabd2367be5d5d71cdd9f2598e63b72ef3cd765aeca066baeb71aa786bc0b11
17128944,2025,Incorrect information on your report,715ac45180bb9cb1adbb04238416e22f7c48b84d7362fa1ee7c7169f1b3dae03
17129216,2025,Incorrect information on your report,9541962e6f079c0e9de15e3a3a2fdeb473806fbd1142b59d424cb03605c31306
17128938,2025,Incorrect information on your report,715ac45180bb9cb1adbb04238416e22f7c48b84d7362fa1ee7c7169f1b3dae03
17149141,2025,Incorrect information on your report,8071114937996446027dd4aaa5f05411f5aa360708f3038c3ee081596a1b9bb5
17149349,2025,Incorrect information on your report,d91b26ec3c468fe05f855296d58484386c7405465ab2faf1aded028fd3876b40
17148973,2025,Incorrect information on your report,c618fe82cb2ca94b22915ca1dae7c8a3b47356be0244f753e203a18fa2160eaa
17148635,2025,Incorrect information on your report,c618fe82cb2ca94b22915ca1dae7c8a3b47356be0244f753e203a18fa2160eaa
17148406,2025,Incorrect information on your report,c618fe82cb2ca94b22915ca1dae7c8a3b47356be0244f753e203a18fa2160eaa
17148452,2025,Incorrect information on your report,d91b26ec3c468fe05f855296d58484386c7405465ab2faf1aded028fd3876b40
17147586,2025,Incorrect information on your report,8cb700e0e29ac7994aec04a6dad59bd9d4f096ef2636a0bec5dd2298b656bdbc
17149021,2025,Incorrect information on your report,8071114937996446027dd4aaa5f05411f5aa360708f3038c3ee081596a1b9bb5
17146650,2025,Incorrect information on your report,8cb700e0e29ac7994aec04a6dad59bd9d4f096ef2636a0bec5dd2298b656bdbc
17146392,2025,Incorrect information on your report,cadb00d2ca3dfbd335799cf198ee9ede7dd06988562adcab9ed2eef741cbc770
17144639,2025,Incorrect information on your report,cadb00d2ca3dfbd335799cf198ee9ede7dd06988562adcab9ed2eef741cbc770
17142686,2025,Incorrect information on your report,d5186d4eb9e45de613f21c06e157729b523f71f3864f8328e9845cfc05cf7d2b
17141415,2025,Incorrect information on your report,d5186d4eb9e45de613f21c06e157729b523f71f3864f8328e9845cfc05cf7d2b
17174870,2025,Incorrect information on your report,4e518d177d31371e5b7675f2231e1221d06f565e7930350b65b614a19eda5c66
17174524,2025,Incorrect information on your report,4e518d177d31371e5b7675f2231e1221d06f565e7930350b65b614a19eda5c66
17179183,2025,Incorrect information on your report,243d57e420e1d929310ad5b8198b4e6952904585c6dede5bbc2c8c3ca62a2bad
17172295,2025,Incorrect information on your report,243d57e420e1d929310ad5b8198b4e6952904585c6dede5bbc2c8c3ca62a2bad
17172249,2025,Incorrect information on your report,0e09b26be7198ef8bca43055f760323635d325667f2f329213ea866120ff5fea
17171468,2025,Incorrect information on your report,12d961b96a786c7e5131372e73cfb51e1b9fad5ee04df81ea0b0b6d8e2f23630
17171454,2025,Incorrect information on your report,12d961b96a786c7e5131372e73cfb51e1b9fad5ee04df81ea0b0b6d8e2f23630
17171429,2025,Problem with a company's investigation into an existing problem,8e4227d6940a7496e16e4df9c85451941802e1a0f72875b022302008ad069665
17171232,2025,Incorrect information on your report,12d961b96a786c7e5131372e73cfb51e1b9fad5ee04df81ea0b0b6d8e2f23630
17174762,2025,Incorrect information on your report,0e09b26be7198ef8bca43055f760323635d325667f2f329213ea866120ff5fea
17174580,2025,Incorrect information on your report,0e09b26be7198ef8bca43055f760323635d325667f2f329213ea866120ff5fea
17169904,2025,Problem with a company's investigation into an existing problem,dcc505c950ac515aad42b679e06bb184f6932f6435263af859f40a8b7d4b8351
17203760,2025,Incorrect information on your report,58ff5a610cdd8a797c6fa2f049bebf836bead05f5c09565155913389d145668f
17203001,2025,Incorrect information on your report,58ff5a610cdd8a797c6fa2f049bebf836bead05f5c09565155913389d145668f
17202626,2025,Incorrect information on your report,58ff5a610cdd8a797c6fa2f049bebf836bead05f5c09565155913389d145668f
17201133,2025,Incorrect information on your report,58ff5a610cdd8a797c6fa2f049bebf836bead05f5c09565155913389d145668f
17201794,2025,Incorrect information on your report,58ff5a610cdd8a797c6fa2f049bebf836bead05f5c09565155913389d145668f
17194479,2025,Incorrect information on your report,ef90816e4cf86b487856cb85b3c1000c68b710480c29010594f08f25bf7cc1a4
17194760,2025,Incorrect information on your report,bd3063d66bdc0f2a8523d111664a33f120ece04f5c372ea8aff8b1560081d547
17194052,2025,Incorrect information on your report,ef90816e4cf86b487856cb85b3c1000c68b710480c29010594f08f25bf7cc1a4
17192872,2025,Incorrect information on your report,bd3063d66bdc0f2a8523d111664a33f120ece04f5c372ea8aff8b1560081d547
17194895,2025,Incorrect information on your report,a1a67fee3887435bdc7b03114d8d19121fe0c5905c0c8ffa82df0421b46bbf5b
17192307,2025,Incorrect information on your report,23dc008d16c4c437243f7bc61910129e2c9bfb23f6aecec28ecd5538a0c1622b
17191643,2025,Incorrect information on your report,23dc008d16c4c437243f7bc61910129e2c9bfb23f6aecec28ecd5538a0c1622b
17190946,2025,Incorrect information on your report,23dc008d16c4c437243f7bc61910129e2c9bfb23f6aecec28ecd5538a0c1622b
17188344,2025,Incorrect information on your report,a1a67fee3887435bdc7b03114d8d19121fe0c5905c0c8ffa82df0421b46bbf5b
17210594,2025,Incorrect information on your report,13a957ce7055b1e1906fca3b4ae232de634811472367ccfd2b89efb939c3b6f3
17210502,2025,Incorrect information on your report,13a957ce7055b1e1906fca3b4ae232de634811472367ccfd2b89efb939c3b6f3
17210463,2025,Incorrect information on your report,9b9271582a0a2d29359e065c8a01849906ee7f2b219fd998d19d4527a38382a9
17210532,2025,Incorrect information on your report,13a957ce7055b1e1906fca3b4ae232de634811472367ccfd2b89efb939c3b6f3
17210534,2025,Incorrect information on your report,5fe1a6617fc22b27a97db1de20546b4b04f9e2efd4ab90cbe5ab9c4a2a49d928
17210236,2025,Incorrect information on your report,5fe1a6617fc22b27a97db1de20546b4b04f9e2efd4ab90cbe5ab9c4a2a49d928
17210130,2025,Incorrect information on your report,5fe1a6617fc22b27a97db1de20546b4b04f9e2efd4ab90cbe5ab9c4a2a49d928
17233639,2025,Incorrect information on your report,aba4c1661b1f768c6ebff395b2ae18ec0d4b2dadcad35ec2dba8be5a0fb32b55
17233135,2025,Incorrect information on your report,3bdfab74de9e9d4660ae4eb00679009d44c107c2db9b2d0effeeafe7d46d3cc3
17231999,2025,Incorrect information on your report,3bdfab74de9e9d4660ae4eb00679009d44c107c2db9b2d0effeeafe7d46d3cc3
17231550,2025,Incorrect information on your report,3bdfab74de9e9d4660ae4eb00679009d44c107c2db9b2d0effeeafe7d46d3cc3
17211462,2025,Incorrect information on your report,aba4c1661b1f768c6ebff395b2ae18ec0d4b2dadcad35ec2dba8be5a0fb32b55
17231383,2025,Incorrect information on your report,aba4c1661b1f768c6ebff395b2ae18ec0d4b2dadcad35ec2dba8be5a0fb32b55
17225392,2025,Incorrect information on your report,82ed4a2256fd9bbb4af847c3821d4b52c8f1c6395115b95feed20e6af365dd0f
17223753,2025,Incorrect information on your report,cf6973c7be00a284ac1d9fb60647293475d60ad38ab2b4eb94a62380fa8f53b9
17224832,2025,Incorrect information on your report,cf6973c7be00a284ac1d9fb60647293475d60ad38ab2b4eb94a62380fa8f53b9
17223626,2025,Incorrect information on your report,82ed4a2256fd9bbb4af847c3821d4b52c8f1c6395115b95feed20e6af365dd0f
17221335,2025,Incorrect information on your report,9c60b8d0777eda22cf9e34fe6e9d893d8ef2603c6cc57a2a6dfc3c4f76e63782
17218684,2025,Incorrect information on your report,9c60b8d0777eda22cf9e34fe6e9d893d8ef2603c6cc57a2a6dfc3c4f76e63782
17260659,2025,Incorrect information on your report,7a9e3a05446ffe05a685c92299ff17e741c02083714ec6373a32f5273c6a1bb1
17260646,2025,Incorrect information on your report,745f951912c375d64ae3eccb40e7fb847cdeb5f74dc009b7c7a3b7f0e872237a
17260811,2025,Incorrect information on your report,490410532834ec169fe69b1a9d08eca52af5b78ef6cfe5bde972f57eff7daae5
17260600,2025,Incorrect information on your report,490410532834ec169fe69b1a9d08eca52af5b78ef6cfe5bde972f57eff7daae5
17260784,2025,Incorrect information on your report,745f951912c375d64ae3eccb40e7fb847cdeb5f74dc009b7c7a3b7f0e872237a
17260319,2025,Incorrect information on your report,7a9e3a05446ffe05a685c92299ff17e741c02083714ec6373a32f5273c6a1bb1
17260296,2025,Incorrect information on your report,7a9e3a05446ffe05a685c92299ff17e741c02083714ec6373a32f5273c6a1bb1
17259443,2025,Incorrect information on your report,745f951912c375d64ae3eccb40e7fb847cdeb5f74dc009b7c7a3b7f0e872237a
17259178,2025,Incorrect information on your report,fc3678ba82094b7dd51f2669f34f806b704abf21a6fb9dd2882dba06de392c6e
17260356,2025,Incorrect information on your report,642d05e1df7de4f21e769d6c6e7a268e5cd000ae19417ec9c64f8f630ea3ccef
17259839,2025,Incorrect information on your report,a4b52eb1a59b21d74abaafaa76e1c7c18e7e5151ecf14d3ced1c3cd75d142455
17259351,2025,Incorrect information on your report,fc3678ba82094b7dd51f2669f34f806b704abf21a6fb9dd2882dba06de392c6e
17241863,2025,Getting a credit card,5f863237a64ab6145f99db8bfb161c2cf2666442a4c75deb07948d693992ea15
17258916,2025,Incorrect information on your report,642d05e1df7de4f21e769d6c6e7a268e5cd000ae19417ec9c64f8f630ea3ccef
17258604,2025,Getting a credit card,5f863237a64ab6145f99db8bfb161c2cf2666442a4c75deb07948d693992ea15
17257568,2025,Getting a credit card,5f863237a64ab6145f99db8bfb161c2cf2666442a4c75deb07948d693992ea15
17256938,2025,Getting a credit card,5f863237a64ab6145f99db8bfb161c2cf2666442a4c75deb07948d693992ea15
17257125,2025,Incorrect information on your report,a4b52eb1a59b21d74abaafaa76e1c7c18e7e5151ecf14d3ced1c3cd75d142455
17257829,2025,Incorrect information on your report,fc3678ba82094b7dd51f2669f34f806b704abf21a6fb9dd2882dba06de392c6e
17258274,2025,Incorrect information on your report,fc3678ba82094b7dd51f2669f34f806b704abf21a6fb9dd2882dba06de392c6e
17256232,2025,Incorrect information on your report,6bd899810a4a0e75c1665052af30b2ae9c0f35289cd55bb6b17f6cd93651baca
17255613,2025,Incorrect information on your report,6bd899810a4a0e75c1665052af30b2ae9c0f35289cd55bb6b17f6cd93651baca
17254584,2025,Getting a credit card,5f863237a64ab6145f99db8bfb161c2cf2666442a4c75deb07948d693992ea15
17255015,2025,Getting a credit card,5f863237a64ab6145f99db8bfb161c2cf2666442a4c75deb07948d693992ea15
17273176,2025,Getting a credit card,5f863237a64ab6145f99db8bfb161c2cf2666442a4c75deb07948d693992ea15
17273129,2025,Getting a credit card,5f863237a64ab6145f99db8bfb161c2cf2666442a4c75deb07948d693992ea15
17272871,2025,Getting a credit card,5f863237a64ab6145f99db8bfb161c2cf2666442a4c75deb07948d693992ea15
17290932,2025,Getting a credit card,5f863237a64ab6145f99db8bfb161c2cf2666442a4c75deb07948d693992ea15
17305625,2025,Getting a credit card,5f863237a64ab6145f99db8bfb161c2cf2666442a4c75deb07948d693992ea15
17303881,2025,Getting a credit card,5f863237a64ab6145f99db8bfb161c2cf2666442a4c75deb07948d693992ea15
17331646,2025,Getting a credit card,5f863237a64ab6145f99db8bfb161c2cf2666442a4c75deb07948d693992ea15
17329078,2025,Getting a credit card,5f863237a64ab6145f99db8bfb161c2cf2666442a4c75deb07948d693992ea15
17330507,2025,Getting a credit card,5f863237a64ab6145f99db8bfb161c2cf2666442a4c75deb07948d693992ea15
17326210,2025,Getting a credit card,5f863237a64ab6145f99db8bfb161c2cf2666442a4c75deb07948d693992ea15
17325779,2025,Getting a credit card,5f863237a64ab6145f99db8bfb161c2cf2666442a4c75deb07948d693992ea15
17325581,2025,Getting a credit card,5f863237a64ab6145f99db8bfb161c2cf2666442a4c75deb07948d693992ea15
17367423,2025,Problem with a company's investigation into an existing problem,8e4227d6940a7496e16e4df9c85451941802e1a0f72875b022302008ad069665
17366435,2025,Getting a credit card,bac4c8cee3e0e4eb94af9575e873690821a0ccb5d583ea9182a18f63bdc4825b
17363941,2025,Getting a credit card,bac4c8cee3e0e4eb94af9575e873690821a0ccb5d583ea9182a18f63bdc4825b
17363579,2025,Getting a credit card,bac4c8cee3e0e4eb94af9575e873690821a0ccb5d583ea9182a18f63bdc4825b
17353802,2025,Getting a credit card,bac4c8cee3e0e4eb94af9575e873690821a0ccb5d583ea9182a18f63bdc4825b
17361684,2025,Getting a credit card,5f863237a64ab6145f99db8bfb161c2cf2666442a4c75deb07948d693992ea15
17359391,2025,Getting a credit card,5f863237a64ab6145f99db8bfb161c2cf2666442a4c75deb07948d693992ea15
17357795,2025,Getting a credit card,5f863237a64ab6145f99db8bfb161c2cf2666442a4c75deb07948d693992ea15
17425730,2025,Getting a credit card,bac4c8cee3e0e4eb94af9575e873690821a0ccb5d583ea9182a18f63bdc4825b
17426336,2025,Getting a credit card,5f863237a64ab6145f99db8bfb161c2cf2666442a4c75deb07948d693992ea15
17425364,2025,Getting a credit card,5f863237a64ab6145f99db8bfb161c2cf2666442a4c75deb07948d693992ea15
17490615,2025,Getting a credit card,5f863237a64ab6145f99db8bfb161c2cf2666442a4c75deb07948d693992ea15
17490257,2025,Getting a credit card,5f863237a64ab6145f99db8bfb161c2cf2666442a4c75deb07948d693992ea15
17515901,2025,Getting a credit card,5f863237a64ab6145f99db8bfb161c2cf2666442a4c75deb07948d693992ea15
17530163,2025,Getting a credit card,5f863237a64ab6145f99db8bfb161c2cf2666442a4c75deb07948d693992ea15
17529061,2025,Getting a credit card,5f863237a64ab6145f99db8bfb161c2cf2666442a4c75deb07948d693992ea15
17890737,2025,Getting a credit card,84ed23caac7bc040afa6329dcd377a3dd0d126d750dfd2e73ad0a770da385157
17526794,2025,Getting a credit card,5f863237a64ab6145f99db8bfb161c2cf2666442a4c75deb07948d693992ea15
17890622,2025,Getting a credit card,84ed23caac7bc040afa6329dcd377a3dd0d126d750dfd2e73ad0a770da385157
17582873,2025,Problem with a company's investigation into an existing problem,d8492d3e977d82d72d8cc02a2b2cc545a74c66e1323c867bb2da437ea010d43e
17938262,2025,Closing your account,35dab275e4c736ff9acb16a4be00655e0a092d1d725704eb71038a503a209de2
17962020,2025,Closing your account,735fbd81da32599c531e6f53cba7c7bc25fa4936a58ceafa29444c837594f37c
17567309,2025,Problem with a company's investigation into an existing problem,8e4227d6940a7496e16e4df9c85451941802e1a0f72875b022302008ad069665
17658777,2025,Getting a credit card,5f863237a64ab6145f99db8bfb161c2cf2666442a4c75deb07948d693992ea15
18049347,2025,Getting a credit card,5f863237a64ab6145f99db8bfb161c2cf2666442a4c75deb07948d693992ea15
17657676,2025,Getting a credit card,5f863237a64ab6145f99db8bfb161c2cf2666442a4c75deb07948d693992ea15
17658727,2025,Getting a credit card,5f863237a64ab6145f99db8bfb161c2cf2666442a4c75deb07948d693992ea15
17658824,2025,Getting a credit card,5f863237a64ab6145f99db8bfb161c2cf2666442a4c75deb07948d693992ea15
17657776,2025,Getting a credit card,bac4c8cee3e0e4eb94af9575e873690821a0ccb5d583ea9182a18f63bdc4825b
17657499,2025,Getting a credit card,5f863237a64ab6145f99db8bfb161c2cf2666442a4c75deb07948d693992ea15
17657301,2025,Getting a credit card,5f863237a64ab6145f99db8bfb161c2cf2666442a4c75deb07948d693992ea15
17652378,2025,Getting a credit card,5f863237a64ab6145f99db8bfb161c2cf2666442a4c75deb07948d693992ea15
17649865,2025,Getting a credit card,bac4c8cee3e0e4eb94af9575e873690821a0ccb5d583ea9182a18f63bdc4825b
17888527,2025,Closing your account,35dab275e4c736ff9acb16a4be00655e0a092d1d725704eb71038a503a209de2
17898009,2025,Problem with a company's investigation into an existing problem,dcc505c950ac515aad42b679e06bb184f6932f6435263af859f40a8b7d4b8351
18047383,2025,Getting a credit card,bac4c8cee3e0e4eb94af9575e873690821a0ccb5d583ea9182a18f63bdc4825b
18046384,2025,Getting a credit card,5f863237a64ab6145f99db8bfb161c2cf2666442a4c75deb07948d693992ea15
18047695,2025,Problem with a company's investigation into an existing problem,dcc505c950ac515aad42b679e06bb184f6932f6435263af859f40a8b7d4b8351
18047618,2025,Getting a credit card,bac4c8cee3e0e4eb94af9575e873690821a0ccb5d583ea9182a18f63bdc4825b
18047489,2025,Getting a credit card,5f863237a64ab6145f99db8bfb161c2cf2666442a4c75deb07948d693992ea15
18046598,2025,Getting a credit card,bac4c8cee3e0e4eb94af9575e873690821a0ccb5d583ea9182a18f63bdc4825b
18083359,2025,Closing your account,735fbd81da32599c531e6f53cba7c7bc25fa4936a58ceafa29444c837594f37c
18147780,2025,Getting a credit card,5f863237a64ab6145f99db8bfb161c2cf2666442a4c75deb07948d693992ea15
18148043,2025,Getting a credit card,5f863237a64ab6145f99db8bfb161c2cf2666442a4c75deb07948d693992ea15
18148183,2025,Getting a credit card,5f863237a64ab6145f99db8bfb161c2cf2666442a4c75deb07948d693992ea15
18206553,2025,"Other features, terms, or problems",444c6b1745135d85b40b62fe049525acf9f2fab261c9dd4940deec2c543e770e
18206642,2025,"Other features, terms, or problems",444c6b1745135d85b40b62fe049525acf9f2fab261c9dd4940deec2c543e770e
18233736,2025,Incorrect information on your report,9b9271582a0a2d29359e065c8a01849906ee7f2b219fd998d19d4527a38382a9
18242468,2025,Incorrect information on your report,9fba371d2ef99476ed9343011e04c96a2c5d436e95a346a28ec8ba28f99e8b14
18242486,2025,Incorrect information on your report,9fba371d2ef99476ed9343011e04c96a2c5d436e95a346a28ec8ba28f99e8b14
18242435,2025,Incorrect information on your report,9fba371d2ef99476ed9343011e04c96a2c5d436e95a346a28ec8ba28f99e8b14
18254824,2025,Getting a credit card,5f863237a64ab6145f99db8bfb161c2cf2666442a4c75deb07948d693992ea15
18253623,2025,Getting a credit card,5f863237a64ab6145f99db8bfb161c2cf2666442a4c75deb07948d693992ea15
18254750,2025,Getting a credit card,5f863237a64ab6145f99db8bfb161c2cf2666442a4c75deb07948d693992ea15
18261518,2025,Incorrect information on your report,0b9f546f3cdae2954f00c959ac3a2f144b1187610b80f16f9d714575e919ddf4
18263746,2025,Incorrect information on your report,0b9f546f3cdae2954f00c959ac3a2f144b1187610b80f16f9d714575e919ddf4
18277999,2025,Incorrect information on your report,a19497cdd7276b60b442b848475326a440d26900354ad5103b7ed4a7232adfdb
18278123,2025,Incorrect information on your report,a19497cdd7276b60b442b848475326a440d26900354ad5103b7ed4a7232adfdb
18278076,2025,Incorrect information on your report,a19497cdd7276b60b442b848475326a440d26900354ad5103b7ed4a7232adfdb
18293869,2025,Incorrect information on your report,540539d0b048ec588b424edbdd2530adbfef0de9dea45dedda67f38a6a179d54
18295086,2025,Incorrect information on your report,bed0474aea17941eb66917b84d4207c21245d161b523b2193b4efe94845b6472
18293827,2025,Incorrect information on your report,540539d0b048ec588b424edbdd2530adbfef0de9dea45dedda67f38a6a179d54
18293914,2025,Incorrect information on your report,540539d0b048ec588b424edbdd2530adbfef0de9dea45dedda67f38a6a179d54
18295630,2025,Incorrect information on your report,35251f3886779849bd17c04ccdff7d15a0914dde1b6802fadc0727ff9ea5d965
18295037,2025,Incorrect information on your report,bed0474aea17941eb66917b84d4207c21245d161b523b2193b4efe94845b6472
18295727,2025,Incorrect information on your report,35251f3886779849bd17c04ccdff7d15a0914dde1b6802fadc0727ff9ea5d965
18294987,2025,Incorrect information on your report,bed0474aea17941eb66917b84d4207c21245d161b523b2193b4efe94845b6472
18295789,2025,Incorrect information on your report,35251f3886779849bd17c04ccdff7d15a0914dde1b6802fadc0727ff9ea5d965
18349479,2025,Problem with a company's investigation into an existing problem,dcc505c950ac515aad42b679e06bb184f6932f6435263af859f40a8b7d4b8351
18380494,2025,Problem with a company's investigation into an existing problem,dcc505c950ac515aad42b679e06bb184f6932f6435263af859f40a8b7d4b8351
18388923,2025,Incorrect information on your report,47963939c813e512dbb1a6fb977f89da40d6cfeeb474ee2833eb7445f1faa155
18388631,2025,Incorrect information on your report,47963939c813e512dbb1a6fb977f89da40d6cfeeb474ee2833eb7445f1faa155
10647454,2024,Incorrect information on your report,13f9117a5757b2eb06669438c36f94e8be8c737488dbd2f5a998ce215b659ae2
10647453,2024,Incorrect information on your report,13f9117a5757b2eb06669438c36f94e8be8c737488dbd2f5a998ce215b659ae2
10665059,2024,"Other features, terms, or problems",d0f85e39cd6a7ce9e17e9ec91c408f44e2ec3e7e2fc11aff2772d1a08da3a773
10665064,2024,"Other features, terms, or problems",d0f85e39cd6a7ce9e17e9ec91c408f44e2ec3e7e2fc11aff2772d1a08da3a773
10666269,2024,Getting a credit card,fd1d4206d9af42305625342983c1f9957cfac7354d657140faf0977473cf767b
10666273,2024,Getting a credit card,fd1d4206d9af42305625342983c1f9957cfac7354d657140faf0977473cf767b
10686097,2024,Closing your account,b0d94d6f750539d8130eb216cde9c102d23d72d9b18b48b0de17865053107419
10686593,2024,Closing your account,b0d94d6f750539d8130eb216cde9c102d23d72d9b18b48b0de17865053107419
10691374,2024,Problem with a company's investigation into an existing problem,13f9117a5757b2eb06669438c36f94e8be8c737488dbd2f5a998ce215b659ae2
10693411,2024,Problem with a company's investigation into an existing problem,13f9117a5757b2eb06669438c36f94e8be8c737488dbd2f5a998ce215b659ae2
10695153,2024,Getting a credit card,5f863237a64ab6145f99db8bfb161c2cf2666442a4c75deb07948d693992ea15
10688017,2024,Getting a credit card,5f863237a64ab6145f99db8bfb161c2cf2666442a4c75deb07948d693992ea15
10687510,2024,Getting a credit card,5f863237a64ab6145f99db8bfb161c2cf2666442a4c75deb07948d693992ea15
10736957,2024,Getting a credit card,5f863237a64ab6145f99db8bfb161c2cf2666442a4c75deb07948d693992ea15
10735289,2024,Getting a credit card,5f863237a64ab6145f99db8bfb161c2cf2666442a4c75deb07948d693992ea15
10732384,2024,Problem with a company's investigation into an existing problem,346034ac4632d0bbb23d32047106ce67bdee062d106180bae449c945865ebd3f
10741854,2024,Getting a credit card,5f863237a64ab6145f99db8bfb161c2cf2666442a4c75deb07948d693992ea15
10741878,2024,Getting a credit card,5f863237a64ab6145f99db8bfb161c2cf2666442a4c75deb07948d693992ea15
10748073,2024,Fees or interest,68a58df69038898b93835b3994fdb63ba2ab97b8cffd54fd0ef6a8c6c23ea241
10748462,2024,Fees or interest,68a58df69038898b93835b3994fdb63ba2ab97b8cffd54fd0ef6a8c6c23ea241
10748267,2024,Fees or interest,68a58df69038898b93835b3994fdb63ba2ab97b8cffd54fd0ef6a8c6c23ea241
10748266,2024,Fees or interest,68a58df69038898b93835b3994fdb63ba2ab97b8cffd54fd0ef6a8c6c23ea241
10748023,2024,Fees or interest,68a58df69038898b93835b3994fdb63ba2ab97b8cffd54fd0ef6a8c6c23ea241
10747998,2024,Fees or interest,68a58df69038898b93835b3994fdb63ba2ab97b8cffd54fd0ef6a8c6c23ea241
10754737,2024,Struggling to pay your bill,162c5fdab92da37a20e4e099e67f0cbc231f68e2828b4a7026b8f9aa9b2747c9
10754783,2024,Struggling to pay your bill,162c5fdab92da37a20e4e099e67f0cbc231f68e2828b4a7026b8f9aa9b2747c9
10754761,2024,Struggling to pay your bill,162c5fdab92da37a20e4e099e67f0cbc231f68e2828b4a7026b8f9aa9b2747c9
10754656,2024,Struggling to pay your bill,162c5fdab92da37a20e4e099e67f0cbc231f68e2828b4a7026b8f9aa9b2747c9
10765040,2024,Problem with a company's investigation into an existing problem,30bcc041a565d1a746dd8bb4baf20760da8805f1f068c59c8682d3df91266a7f
10791435,2024,Problem with a company's investigation into an existing problem,13f9117a5757b2eb06669438c36f94e8be8c737488dbd2f5a998ce215b659ae2
10791959,2024,Problem with a company's investigation into an existing problem,13f9117a5757b2eb06669438c36f94e8be8c737488dbd2f5a998ce215b659ae2
10779503,2024,Problem with a company's investigation into an existing problem,13f9117a5757b2eb06669438c36f94e8be8c737488dbd2f5a998ce215b659ae2
10778845,2024,Getting a credit card,5f863237a64ab6145f99db8bfb161c2cf2666442a4c75deb07948d693992ea15
10778861,2024,Getting a credit card,5f863237a64ab6145f99db8bfb161c2cf2666442a4c75deb07948d693992ea15
10801760,2024,Problem with a company's investigation into an existing problem,13f9117a5757b2eb06669438c36f94e8be8c737488dbd2f5a998ce215b659ae2
10806213,2024,Problem with a company's investigation into an existing problem,13f9117a5757b2eb06669438c36f94e8be8c737488dbd2f5a998ce215b659ae2
10795457,2024,Problem with a company's investigation into an existing problem,30bcc041a565d1a746dd8bb4baf20760da8805f1f068c59c8682d3df91266a7f
10796728,2024,Problem with a company's investigation into an existing problem,346034ac4632d0bbb23d32047106ce67bdee062d106180bae449c945865ebd3f
10796564,2024,Problem with a company's investigation into an existing problem,13f9117a5757b2eb06669438c36f94e8be8c737488dbd2f5a998ce215b659ae2
10812695,2024,Problem with a company's investigation into an existing problem,13f9117a5757b2eb06669438c36f94e8be8c737488dbd2f5a998ce215b659ae2
10811900,2024,Problem with a company's investigation into an existing problem,13f9117a5757b2eb06669438c36f94e8be8c737488dbd2f5a998ce215b659ae2
10813853,2024,Problem with a company's investigation into an existing problem,13f9117a5757b2eb06669438c36f94e8be8c737488dbd2f5a998ce215b659ae2
10811671,2024,Problem with a company's investigation into an existing problem,13f9117a5757b2eb06669438c36f94e8be8c737488dbd2f5a998ce215b659ae2
10811006,2024,Problem with a company's investigation into an existing problem,13f9117a5757b2eb06669438c36f94e8be8c737488dbd2f5a998ce215b659ae2
10833490,2024,Problem with a company's investigation into an existing problem,30bcc041a565d1a746dd8bb4baf20760da8805f1f068c59c8682d3df91266a7f
10874232,2024,Problem with a company's investigation into an existing problem,91ff6f84998f3a0790c181ef1a9b363ad98f8220462cf4d6c5f2ebe2eab33144
10820823,2024,Getting a credit card,187b9b01450b5a7c8c76b7be70951e09f741fa22b593376f01ef697a4c2dcd58
10820756,2024,Getting a credit card,187b9b01450b5a7c8c76b7be70951e09f741fa22b593376f01ef697a4c2dcd58
10826936,2024,Incorrect information on your report,efba175916a2e576bcd8a3636867aafe3f9a2edec47d8c3fdc8b00321ad816ab
10827035,2024,Incorrect information on your report,efba175916a2e576bcd8a3636867aafe3f9a2edec47d8c3fdc8b00321ad816ab
10827880,2024,Getting a credit card,5f863237a64ab6145f99db8bfb161c2cf2666442a4c75deb07948d693992ea15
10829203,2024,Getting a credit card,5f863237a64ab6145f99db8bfb161c2cf2666442a4c75deb07948d693992ea15
10827869,2024,Getting a credit card,5f863237a64ab6145f99db8bfb161c2cf2666442a4c75deb07948d693992ea15
10831507,2024,Getting a credit card,5f863237a64ab6145f99db8bfb161c2cf2666442a4c75deb07948d693992ea15
10831149,2024,Getting a credit card,5f863237a64ab6145f99db8bfb161c2cf2666442a4c75deb07948d693992ea15
10830796,2024,Getting a credit card,5f863237a64ab6145f99db8bfb161c2cf2666442a4c75deb07948d693992ea15
10874260,2024,Problem with a company's investigation into an existing problem,91ff6f84998f3a0790c181ef1a9b363ad98f8220462cf4d6c5f2ebe2eab33144
10872809,2024,Problem with a company's investigation into an existing problem,13f9117a5757b2eb06669438c36f94e8be8c737488dbd2f5a998ce215b659ae2
10871064,2024,Problem with a company's investigation into an existing problem,13f9117a5757b2eb06669438c36f94e8be8c737488dbd2f5a998ce215b659ae2
10872091,2024,Problem with a company's investigation into an existing problem,13f9117a5757b2eb06669438c36f94e8be8c737488dbd2f5a998ce215b659ae2
10870978,2024,Problem with a company's investigation into an existing problem,13f9117a5757b2eb06669438c36f94e8be8c737488dbd2f5a998ce215b659ae2
10870823,2024,Problem with a company's investigation into an existing problem,13f9117a5757b2eb06669438c36f94e8be8c737488dbd2f5a998ce215b659ae2
10849106,2024,Problem with a company's investigation into an existing problem,13f9117a5757b2eb06669438c36f94e8be8c737488dbd2f5a998ce215b659ae2
10849168,2024,Problem with a company's investigation into an existing problem,13f9117a5757b2eb06669438c36f94e8be8c737488dbd2f5a998ce215b659ae2
10849239,2024,Problem with a company's investigation into an existing problem,13f9117a5757b2eb06669438c36f94e8be8c737488dbd2f5a998ce215b659ae2
10847580,2024,Problem with a company's investigation into an existing problem,13f9117a5757b2eb06669438c36f94e8be8c737488dbd2f5a998ce215b659ae2
10847436,2024,Problem with a company's investigation into an existing problem,13f9117a5757b2eb06669438c36f94e8be8c737488dbd2f5a998ce215b659ae2
10846764,2024,Problem with a company's investigation into an existing problem,13f9117a5757b2eb06669438c36f94e8be8c737488dbd2f5a998ce215b659ae2
10840219,2024,Problem with a company's investigation into an existing problem,13f9117a5757b2eb06669438c36f94e8be8c737488dbd2f5a998ce215b659ae2
10859862,2024,Problem with a company's investigation into an existing problem,13f9117a5757b2eb06669438c36f94e8be8c737488dbd2f5a998ce215b659ae2
10877604,2024,Problem with a purchase shown on your statement,b72621fc36816b7eb92d672c3de3c5d314f554d6b3f56891ad87ee7783d528a9
10876719,2024,Problem with a company's investigation into an existing problem,13f9117a5757b2eb06669438c36f94e8be8c737488dbd2f5a998ce215b659ae2
10876380,2024,Problem with a purchase shown on your statement,b72621fc36816b7eb92d672c3de3c5d314f554d6b3f56891ad87ee7783d528a9
10876353,2024,Problem with a company's investigation into an existing problem,13f9117a5757b2eb06669438c36f94e8be8c737488dbd2f5a998ce215b659ae2
10876558,2024,Problem with a company's investigation into an existing problem,13f9117a5757b2eb06669438c36f94e8be8c737488dbd2f5a998ce215b659ae2
10861882,2024,Problem with a company's investigation into an existing problem,13f9117a5757b2eb06669438c36f94e8be8c737488dbd2f5a998ce215b659ae2
10859382,2024,Problem with a company's investigation into an existing problem,13f9117a5757b2eb06669438c36f94e8be8c737488dbd2f5a998ce215b659ae2
10856511,2024,Problem with a company's investigation into an existing problem,13f9117a5757b2eb06669438c36f94e8be8c737488dbd2f5a998ce215b659ae2
10858658,2024,Getting a credit card,5f863237a64ab6145f99db8bfb161c2cf2666442a4c75deb07948d693992ea15
10855806,2024,Getting a credit card,5f863237a64ab6145f99db8bfb161c2cf2666442a4c75deb07948d693992ea15
10855409,2024,Getting a credit card,5f863237a64ab6145f99db8bfb161c2cf2666442a4c75deb07948d693992ea15
10853287,2024,Getting a credit card,5f863237a64ab6145f99db8bfb161c2cf2666442a4c75deb07948d693992ea15
10853873,2024,Getting a credit card,5f863237a64ab6145f99db8bfb161c2cf2666442a4c75deb07948d693992ea15
10849432,2024,Problem with a company's investigation into an existing problem,13f9117a5757b2eb06669438c36f94e8be8c737488dbd2f5a998ce215b659ae2
10848936,2024,Problem with a company's investigation into an existing problem,13f9117a5757b2eb06669438c36f94e8be8c737488dbd2f5a998ce215b659ae2
10846323,2024,Problem with a company's investigation into an existing problem,13f9117a5757b2eb06669438c36f94e8be8c737488dbd2f5a998ce215b659ae2
10890339,2024,Problem with a company's investigation into an existing problem,13f9117a5757b2eb06669438c36f94e8be8c737488dbd2f5a998ce215b659ae2
10852185,2024,Problem with a company's investigation into an existing problem,13f9117a5757b2eb06669438c36f94e8be8c737488dbd2f5a998ce215b659ae2
10867441,2024,Problem with a company's investigation into an existing problem,13f9117a5757b2eb06669438c36f94e8be8c737488dbd2f5a998ce215b659ae2
10863571,2024,Problem with a company's investigation into an existing problem,13f9117a5757b2eb06669438c36f94e8be8c737488dbd2f5a998ce215b659ae2
10880020,2024,Problem with a company's investigation into an existing problem,13f9117a5757b2eb06669438c36f94e8be8c737488dbd2f5a998ce215b659ae2
10880102,2024,Problem with a company's investigation into an existing problem,13f9117a5757b2eb06669438c36f94e8be8c737488dbd2f5a998ce215b659ae2
10879550,2024,Problem with a company's investigation into an existing problem,13f9117a5757b2eb06669438c36f94e8be8c737488dbd2f5a998ce215b659ae2
10892363,2024,Problem with a company's investigation into an existing problem,13f9117a5757b2eb06669438c36f94e8be8c737488dbd2f5a998ce215b659ae2
10892337,2024,Problem with a company's investigation into an existing problem,13f9117a5757b2eb06669438c36f94e8be8c737488dbd2f5a998ce215b659ae2
10892232,2024,Problem with a company's investigation into an existing problem,13f9117a5757b2eb06669438c36f94e8be8c737488dbd2f5a998ce215b659ae2
10891950,2024,Problem with a company's investigation into an existing problem,13f9117a5757b2eb06669438c36f94e8be8c737488dbd2f5a998ce215b659ae2
10893023,2024,Problem with a company's investigation into an existing problem,13f9117a5757b2eb06669438c36f94e8be8c737488dbd2f5a998ce215b659ae2
10915224,2024,Getting a credit card,5f863237a64ab6145f99db8bfb161c2cf2666442a4c75deb07948d693992ea15
10906661,2024,Getting a credit card,5f863237a64ab6145f99db8bfb161c2cf2666442a4c75deb07948d693992ea15
10906619,2024,Getting a credit card,5f863237a64ab6145f99db8bfb161c2cf2666442a4c75deb07948d693992ea15
10906213,2024,Getting a credit card,5f863237a64ab6145f99db8bfb161c2cf2666442a4c75deb07948d693992ea15
10914364,2024,Getting a credit card,5f863237a64ab6145f99db8bfb161c2cf2666442a4c75deb07948d693992ea15
10906390,2024,Getting a credit card,5f863237a64ab6145f99db8bfb161c2cf2666442a4c75deb07948d693992ea15
10929073,2024,Problem with a company's investigation into an existing problem,13f9117a5757b2eb06669438c36f94e8be8c737488dbd2f5a998ce215b659ae2
10916168,2024,Problem with a company's investigation into an existing problem,13f9117a5757b2eb06669438c36f94e8be8c737488dbd2f5a998ce215b659ae2
10925378,2024,Problem with a company's investigation into an existing problem,13f9117a5757b2eb06669438c36f94e8be8c737488dbd2f5a998ce215b659ae2
10928554,2024,Problem with a company's investigation into an existing problem,13f9117a5757b2eb06669438c36f94e8be8c737488dbd2f5a998ce215b659ae2
10917328,2024,Problem with a company's investigation into an existing problem,13f9117a5757b2eb06669438c36f94e8be8c737488dbd2f5a998ce215b659ae2
10926493,2024,Incorrect information on your report,13f9117a5757b2eb06669438c36f94e8be8c737488dbd2f5a998ce215b659ae2
10916571,2024,Incorrect information on your report,13f9117a5757b2eb06669438c36f94e8be8c737488dbd2f5a998ce215b659ae2
10926922,2024,Problem with a company's investigation into an existing problem,13f9117a5757b2eb06669438c36f94e8be8c737488dbd2f5a998ce215b659ae2
10925964,2024,Problem with a company's investigation into an existing problem,13f9117a5757b2eb06669438c36f94e8be8c737488dbd2f5a998ce215b659ae2
10925570,2024,Problem with a company's investigation into an existing problem,13f9117a5757b2eb06669438c36f94e8be8c737488dbd2f5a998ce215b659ae2
10933224,2024,Problem with a company's investigation into an existing problem,13f9117a5757b2eb06669438c36f94e8be8c737488dbd2f5a998ce215b659ae2
10943520,2024,Problem with a company's investigation into an existing problem,13f9117a5757b2eb06669438c36f94e8be8c737488dbd2f5a998ce215b659ae2
10941530,2024,Getting a credit card,5f863237a64ab6145f99db8bfb161c2cf2666442a4c75deb07948d693992ea15
10941322,2024,Getting a credit card,5f863237a64ab6145f99db8bfb161c2cf2666442a4c75deb07948d693992ea15
10941349,2024,Problem with a company's investigation into an existing problem,13f9117a5757b2eb06669438c36f94e8be8c737488dbd2f5a998ce215b659ae2
10940991,2024,Getting a credit card,5f863237a64ab6145f99db8bfb161c2cf2666442a4c75deb07948d693992ea15
10940989,2024,Problem with a company's investigation into an existing problem,13f9117a5757b2eb06669438c36f94e8be8c737488dbd2f5a998ce215b659ae2
10937579,2024,Problem with a company's investigation into an existing problem,13f9117a5757b2eb06669438c36f94e8be8c737488dbd2f5a998ce215b659ae2
10937002,2024,Getting a credit card,5f863237a64ab6145f99db8bfb161c2cf2666442a4c75deb07948d693992ea15
10935913,2024,Getting a credit card,5f863237a64ab6145f99db8bfb161c2cf2666442a4c75deb07948d693992ea15
10935466,2024,Getting a credit card,5f863237a64ab6145f99db8bfb161c2cf2666442a4c75deb07948d693992ea15
10951523,2024,Problem with a company's investigation into an existing problem,13f9117a5757b2eb06669438c36f94e8be8c737488dbd2f5a998ce215b659ae2
10951393,2024,Problem with a company's investigation into an existing problem,13f9117a5757b2eb06669438c36f94e8be8c737488dbd2f5a998ce215b659ae2
10950793,2024,Problem with a company's investigation into an existing problem,13f9117a5757b2eb06669438c36f94e8be8c737488dbd2f5a998ce215b659ae2
10950263,2024,Problem with a company's investigation into an existing problem,13f9117a5757b2eb06669438c36f94e8be8c737488dbd2f5a998ce215b659ae2
10950165,2024,Problem with a company's investigation into an existing problem,13f9117a5757b2eb06669438c36f94e8be8c737488dbd2f5a998ce215b659ae2
10950605,2024,Problem with a company's investigation into an existing problem,13f9117a5757b2eb06669438c36f94e8be8c737488dbd2f5a998ce215b659ae2
10945674,2024,Problem with a company's investigation into an existing problem,13f9117a5757b2eb06669438c36f94e8be8c737488dbd2f5a998ce215b659ae2
10949317,2024,Problem with a company's investigation into an existing problem,13f9117a5757b2eb06669438c36f94e8be8c737488dbd2f5a998ce215b659ae2
10949773,2024,Problem with a company's investigation into an existing problem,13f9117a5757b2eb06669438c36f94e8be8c737488dbd2f5a998ce215b659ae2
10949142,2024,Problem with a company's investigation into an existing problem,13f9117a5757b2eb06669438c36f94e8be8c737488dbd2f5a998ce215b659ae2
10948665,2024,Problem with a company's investigation into an existing problem,13f9117a5757b2eb06669438c36f94e8be8c737488dbd2f5a998ce215b659ae2
10949521,2024,Problem with a company's investigation into an existing problem,30bcc041a565d1a746dd8bb4baf20760da8805f1f068c59c8682d3df91266a7f
10945320,2024,Problem with a company's investigation into an existing problem,30bcc041a565d1a746dd8bb4baf20760da8805f1f068c59c8682d3df91266a7f
10948200,2024,Problem with a company's investigation into an existing problem,30bcc041a565d1a746dd8bb4baf20760da8805f1f068c59c8682d3df91266a7f
10964397,2024,Fees or interest,bec747ff939173ebc2734a61ca9ca8536c849b0c69f990b2128d6b17831ddc9e
10954711,2024,Fees or interest,bec747ff939173ebc2734a61ca9ca8536c849b0c69f990b2128d6b17831ddc9e
10968828,2024,Problem with a company's investigation into an existing problem,13f9117a5757b2eb06669438c36f94e8be8c737488dbd2f5a998ce215b659ae2
10969051,2024,Problem with a company's investigation into an existing problem,13f9117a5757b2eb06669438c36f94e8be8c737488dbd2f5a998ce215b659ae2
10968967,2024,Problem with a company's investigation into an existing problem,13f9117a5757b2eb06669438c36f94e8be8c737488dbd2f5a998ce215b659ae2
10977303,2024,Problem with a company's investigation into an existing problem,13f9117a5757b2eb06669438c36f94e8be8c737488dbd2f5a998ce215b659ae2
10977278,2024,Problem with a company's investigation into an existing problem,6081c334b2720795806a3a5958aaf1d85755d3d96a9570b31d1195b9d33f947e
10978577,2024,Problem with a company's investigation into an existing problem,13f9117a5757b2eb06669438c36f94e8be8c737488dbd2f5a998ce215b659ae2
10968033,2024,Incorrect information on your report,6081c334b2720795806a3a5958aaf1d85755d3d96a9570b31d1195b9d33f947e
10978506,2024,Problem with a company's investigation into an existing problem,13f9117a5757b2eb06669438c36f94e8be8c737488dbd2f5a998ce215b659ae2
10967069,2024,Problem with a company's investigation into an existing problem,13f9117a5757b2eb06669438c36f94e8be8c737488dbd2f5a998ce215b659ae2
10967747,2024,Problem with a company's investigation into an existing problem,6081c334b2720795806a3a5958aaf1d85755d3d96a9570b31d1195b9d33f947e
10967706,2024,Problem with a company's investigation into an existing problem,13f9117a5757b2eb06669438c36f94e8be8c737488dbd2f5a998ce215b659ae2
10977382,2024,Problem with a company's investigation into an existing problem,13f9117a5757b2eb06669438c36f94e8be8c737488dbd2f5a998ce215b659ae2
10981266,2024,Getting a credit card,23958c549bb5eafdb6d94ec76008c3a780495d1ed5e14ae5b236c7f3d342f0a6
10981203,2024,Getting a credit card,23958c549bb5eafdb6d94ec76008c3a780495d1ed5e14ae5b236c7f3d342f0a6
10987735,2024,Getting a credit card,5f863237a64ab6145f99db8bfb161c2cf2666442a4c75deb07948d693992ea15
10985376,2024,Getting a credit card,5f863237a64ab6145f99db8bfb161c2cf2666442a4c75deb07948d693992ea15
10987661,2024,Getting a credit card,5f863237a64ab6145f99db8bfb161c2cf2666442a4c75deb07948d693992ea15
10999187,2024,Problem with a company's investigation into an existing problem,13f9117a5757b2eb06669438c36f94e8be8c737488dbd2f5a998ce215b659ae2
10996011,2024,Problem with a company's investigation into an existing problem,13f9117a5757b2eb06669438c36f94e8be8c737488dbd2f5a998ce215b659ae2
10991804,2024,Problem with a company's investigation into an existing problem,b96bae355835553fcca32f0589e326982120e09f89d773b4298857128f111776
10992292,2024,Problem with a company's investigation into an existing problem,13f9117a5757b2eb06669438c36f94e8be8c737488dbd2f5a998ce215b659ae2
11001257,2024,Problem with a company's investigation into an existing problem,30bcc041a565d1a746dd8bb4baf20760da8805f1f068c59c8682d3df91266a7f
10999328,2024,Problem with a company's investigation into an existing problem,13f9117a5757b2eb06669438c36f94e8be8c737488dbd2f5a998ce215b659ae2
11003726,2024,Problem with a company's investigation into an existing problem,13f9117a5757b2eb06669438c36f94e8be8c737488dbd2f5a998ce215b659ae2
11010318,2024,Problem with a company's investigation into an existing problem,13f9117a5757b2eb06669438c36f94e8be8c737488dbd2f5a998ce215b659ae2
11011185,2024,Problem with a company's investigation into an existing problem,13f9117a5757b2eb06669438c36f94e8be8c737488dbd2f5a998ce215b659ae2
11004861,2024,Problem with a company's investigation into an existing problem,13f9117a5757b2eb06669438c36f94e8be8c737488dbd2f5a998ce215b659ae2
11008331,2024,Problem with a company's investigation into an existing problem,13f9117a5757b2eb06669438c36f94e8be8c737488dbd2f5a998ce215b659ae2
11005899,2024,Problem with a company's investigation into an existing problem,346034ac4632d0bbb23d32047106ce67bdee062d106180bae449c945865ebd3f
11004783,2024,Problem with a company's investigation into an existing problem,30bcc041a565d1a746dd8bb4baf20760da8805f1f068c59c8682d3df91266a7f
11004779,2024,Problem with a company's investigation into an existing problem,13f9117a5757b2eb06669438c36f94e8be8c737488dbd2f5a998ce215b659ae2
11023208,2024,Problem with a company's investigation into an existing problem,13f9117a5757b2eb06669438c36f94e8be8c737488dbd2f5a998ce215b659ae2
11031332,2024,Problem with a company's investigation into an existing problem,13f9117a5757b2eb06669438c36f94e8be8c737488dbd2f5a998ce215b659ae2
11028411,2024,Problem with a company's investigation into an existing problem,13f9117a5757b2eb06669438c36f94e8be8c737488dbd2f5a998ce215b659ae2
11027831,2024,Getting a credit card,02b8258168c881531ed8a82f5d6e40f547f349fc953fbc5ad21e4593c3818e44
11029231,2024,Getting a credit card,02b8258168c881531ed8a82f5d6e40f547f349fc953fbc5ad21e4593c3818e44
11043378,2024,Problem with a company's investigation into an existing problem,13f9117a5757b2eb06669438c36f94e8be8c737488dbd2f5a998ce215b659ae2
11043308,2024,Problem with a company's investigation into an existing problem,13f9117a5757b2eb06669438c36f94e8be8c737488dbd2f5a998ce215b659ae2
11038700,2024,Problem with a company's investigation into an existing problem,13f9117a5757b2eb06669438c36f94e8be8c737488dbd2f5a998ce215b659ae2
11035510,2024,Problem with a company's investigation into an existing problem,30bcc041a565d1a746dd8bb4baf20760da8805f1f068c59c8682d3df91266a7f
11035782,2024,Problem with a company's investigation into an existing problem,30bcc041a565d1a746dd8bb4baf20760da8805f1f068c59c8682d3df91266a7f
11038390,2024,Problem with a company's investigation into an existing problem,30bcc041a565d1a746dd8bb4baf20760da8805f1f068c59c8682d3df91266a7f
11043820,2024,Problem with a company's investigation into an existing problem,30bcc041a565d1a746dd8bb4baf20760da8805f1f068c59c8682d3df91266a7f
11043427,2024,Problem with a company's investigation into an existing problem,30bcc041a565d1a746dd8bb4baf20760da8805f1f068c59c8682d3df91266a7f
11042555,2024,Problem with a company's investigation into an existing problem,30bcc041a565d1a746dd8bb4baf20760da8805f1f068c59c8682d3df91266a7f
11037739,2024,Problem with a company's investigation into an existing problem,30bcc041a565d1a746dd8bb4baf20760da8805f1f068c59c8682d3df91266a7f
11038213,2024,Problem with a company's investigation into an existing problem,13f9117a5757b2eb06669438c36f94e8be8c737488dbd2f5a998ce215b659ae2
11035484,2024,Problem with a company's investigation into an existing problem,13f9117a5757b2eb06669438c36f94e8be8c737488dbd2f5a998ce215b659ae2
11035147,2024,Problem with a company's investigation into an existing problem,13f9117a5757b2eb06669438c36f94e8be8c737488dbd2f5a998ce215b659ae2
11040815,2024,Problem with a company's investigation into an existing problem,13f9117a5757b2eb06669438c36f94e8be8c737488dbd2f5a998ce215b659ae2
11039055,2024,Problem with a company's investigation into an existing problem,13f9117a5757b2eb06669438c36f94e8be8c737488dbd2f5a998ce215b659ae2
11037896,2024,Problem with a company's investigation into an existing problem,13f9117a5757b2eb06669438c36f94e8be8c737488dbd2f5a998ce215b659ae2
11046595,2024,Getting a credit card,5f863237a64ab6145f99db8bfb161c2cf2666442a4c75deb07948d693992ea15
11048241,2024,Getting a credit card,bac4c8cee3e0e4eb94af9575e873690821a0ccb5d583ea9182a18f63bdc4825b
11062003,2024,Problem with a company's investigation into an existing problem,13f9117a5757b2eb06669438c36f94e8be8c737488dbd2f5a998ce215b659ae2
11059260,2024,Problem with a company's investigation into an existing problem,13f9117a5757b2eb06669438c36f94e8be8c737488dbd2f5a998ce215b659ae2
11059419,2024,Problem with a company's investigation into an existing problem,13f9117a5757b2eb06669438c36f94e8be8c737488dbd2f5a998ce215b659ae2
11052264,2024,Problem with a company's investigation into an existing problem,13f9117a5757b2eb06669438c36f94e8be8c737488dbd2f5a998ce215b659ae2
11053810,2024,Problem with a company's investigation into an existing problem,ea758181e57f018e08eabdc33425ffd7d040bfe5e341a213b28107d15c782a7b
11051038,2024,Problem with a company's investigation into an existing problem,ea758181e57f018e08eabdc33425ffd7d040bfe5e341a213b28107d15c782a7b
11050255,2024,Problem with a company's investigation into an existing problem,13f9117a5757b2eb06669438c36f94e8be8c737488dbd2f5a998ce215b659ae2
11049764,2024,Problem with a company's investigation into an existing problem,13f9117a5757b2eb06669438c36f94e8be8c737488dbd2f5a998ce215b659ae2
11050023,2024,Problem with a company's investigation into an existing problem,13f9117a5757b2eb06669438c36f94e8be8c737488dbd2f5a998ce215b659ae2
11050169,2024,Problem with a company's investigation into an existing problem,b96bae355835553fcca32f0589e326982120e09f89d773b4298857128f111776
11076536,2024,Getting a credit card,5f863237a64ab6145f99db8bfb161c2cf2666442a4c75deb07948d693992ea15
11074495,2024,Getting a credit card,5f863237a64ab6145f99db8bfb161c2cf2666442a4c75deb07948d693992ea15
11072284,2024,Getting a credit card,5f863237a64ab6145f99db8bfb161c2cf2666442a4c75deb07948d693992ea15
11076776,2024,Getting a credit card,5f863237a64ab6145f99db8bfb161c2cf2666442a4c75deb07948d693992ea15
11073618,2024,Getting a credit card,5f863237a64ab6145f99db8bfb161c2cf2666442a4c75deb07948d693992ea15
11078646,2024,Problem with a company's investigation into an existing problem,13f9117a5757b2eb06669438c36f94e8be8c737488dbd2f5a998ce215b659ae2
11091570,2024,Problem with a company's investigation into an existing problem,91ff6f84998f3a0790c181ef1a9b363ad98f8220462cf4d6c5f2ebe2eab33144
11089218,2024,Problem with a company's investigation into an existing problem,b96bae355835553fcca32f0589e326982120e09f89d773b4298857128f111776
11077221,2024,Problem with a company's investigation into an existing problem,b96bae355835553fcca32f0589e326982120e09f89d773b4298857128f111776
11081045,2024,Problem with a company's investigation into an existing problem,13f9117a5757b2eb06669438c36f94e8be8c737488dbd2f5a998ce215b659ae2
11100899,2024,Getting a credit card,bac4c8cee3e0e4eb94af9575e873690821a0ccb5d583ea9182a18f63bdc4825b
11101506,2024,Getting a credit card,5f863237a64ab6145f99db8bfb161c2cf2666442a4c75deb07948d693992ea15
11101251,2024,Getting a credit card,5f863237a64ab6145f99db8bfb161c2cf2666442a4c75deb07948d693992ea15
11100496,2024,Getting a credit card,5f863237a64ab6145f99db8bfb161c2cf2666442a4c75deb07948d693992ea15
11100414,2024,Getting a credit card,5f863237a64ab6145f99db8bfb161c2cf2666442a4c75deb07948d693992ea15
11097465,2024,Getting a credit card,5f863237a64ab6145f99db8bfb161c2cf2666442a4c75deb07948d693992ea15
11095273,2024,Getting a credit card,5f863237a64ab6145f99db8bfb161c2cf2666442a4c75deb07948d693992ea15
11097818,2024,Problem with a company's investigation into an existing problem,13f9117a5757b2eb06669438c36f94e8be8c737488dbd2f5a998ce215b659ae2
11094542,2024,Problem with a company's investigation into an existing problem,13f9117a5757b2eb06669438c36f94e8be8c737488dbd2f5a998ce215b659ae2
11119761,2024,Getting a credit card,5f863237a64ab6145f99db8bfb161c2cf2666442a4c75deb07948d693992ea15
11108367,2024,Getting a credit card,5f863237a64ab6145f99db8bfb161c2cf2666442a4c75deb07948d693992ea15
11122535,2024,Getting a credit card,5f863237a64ab6145f99db8bfb161c2cf2666442a4c75deb07948d693992ea15
11110130,2024,Problem with a company's investigation into an existing problem,13f9117a5757b2eb06669438c36f94e8be8c737488dbd2f5a998ce215b659ae2
11108610,2024,Problem with a company's investigation into an existing problem,13f9117a5757b2eb06669438c36f94e8be8c737488dbd2f5a998ce215b659ae2
11112906,2024,Problem with a company's investigation into an existing problem,30bcc041a565d1a746dd8bb4baf20760da8805f1f068c59c8682d3df91266a7f
11143174,2024,Getting a credit card,5f863237a64ab6145f99db8bfb161c2cf2666442a4c75deb07948d693992ea15
11141982,2024,Getting a credit card,5f863237a64ab6145f99db8bfb161c2cf2666442a4c75deb07948d693992ea15
11140514,2024,Getting a credit card,5f863237a64ab6145f99db8bfb161c2cf2666442a4c75deb07948d693992ea15
11151423,2024,Closing your account,b216f19599f9d8e9a89ac6f1b22a55acdf7f5cedd4cc7192483a5a497f20b3cb
11150110,2024,Closing your account,b216f19599f9d8e9a89ac6f1b22a55acdf7f5cedd4cc7192483a5a497f20b3cb
11162078,2024,Problem with a purchase shown on your statement,7f34964ca9cf3fce522fba1a58ac62d9815498d82632384f03e9d15ed902a987
11169352,2024,Problem with a purchase shown on your statement,7f34964ca9cf3fce522fba1a58ac62d9815498d82632384f03e9d15ed902a987
11169466,2024,Getting a credit card,b3d894fe7574996c3e09faa8f1f1b9c3a68d023b36662797e2f4de258251c465
11165292,2024,Getting a credit card,7b238be52a554c31e529e8f0cc1aa3e96fe91df8a703bd32139ce63d90d5c9c9
11176784,2024,Getting a credit card,7b238be52a554c31e529e8f0cc1aa3e96fe91df8a703bd32139ce63d90d5c9c9
11169879,2024,Getting a credit card,b3d894fe7574996c3e09faa8f1f1b9c3a68d023b36662797e2f4de258251c465
11197657,2024,Problem with a company's investigation into an existing problem,56197e58b2977ea7c3f24575f227ebd291d18384dad2f0922d89c17afbd7ea2a
11197236,2024,Problem with a company's investigation into an existing problem,56197e58b2977ea7c3f24575f227ebd291d18384dad2f0922d89c17afbd7ea2a
11195804,2024,Problem with a company's investigation into an existing problem,56197e58b2977ea7c3f24575f227ebd291d18384dad2f0922d89c17afbd7ea2a
11209393,2024,Problem with a company's investigation into an existing problem,56197e58b2977ea7c3f24575f227ebd291d18384dad2f0922d89c17afbd7ea2a
11209237,2024,Problem with a company's investigation into an existing problem,56197e58b2977ea7c3f24575f227ebd291d18384dad2f0922d89c17afbd7ea2a
11195488,2024,Problem with a company's investigation into an existing problem,56197e58b2977ea7c3f24575f227ebd291d18384dad2f0922d89c17afbd7ea2a
11201518,2024,Problem with a company's investigation into an existing problem,13f9117a5757b2eb06669438c36f94e8be8c737488dbd2f5a998ce215b659ae2
11196023,2024,Getting a credit card,5f863237a64ab6145f99db8bfb161c2cf2666442a4c75deb07948d693992ea15
11197462,2024,Getting a credit card,5f863237a64ab6145f99db8bfb161c2cf2666442a4c75deb07948d693992ea15
11195952,2024,Getting a credit card,5f863237a64ab6145f99db8bfb161c2cf2666442a4c75deb07948d693992ea15
11219877,2024,Problem with a company's investigation into an existing problem,56197e58b2977ea7c3f24575f227ebd291d18384dad2f0922d89c17afbd7ea2a
11214167,2024,Getting a credit card,5f863237a64ab6145f99db8bfb161c2cf2666442a4c75deb07948d693992ea15
11213158,2024,Problem with a company's investigation into an existing problem,56197e58b2977ea7c3f24575f227ebd291d18384dad2f0922d89c17afbd7ea2a
11217744,2024,Getting a credit card,5f863237a64ab6145f99db8bfb161c2cf2666442a4c75deb07948d693992ea15
11211995,2024,Getting a credit card,5f863237a64ab6145f99db8bfb161c2cf2666442a4c75deb07948d693992ea15
11212089,2024,Getting a credit card,bac4c8cee3e0e4eb94af9575e873690821a0ccb5d583ea9182a18f63bdc4825b
11211026,2024,Getting a credit card,5f863237a64ab6145f99db8bfb161c2cf2666442a4c75deb07948d693992ea15
11223289,2024,Getting a credit card,5f863237a64ab6145f99db8bfb161c2cf2666442a4c75deb07948d693992ea15
11232314,2024,Problem with a purchase shown on your statement,35c68932096e3017c4da2c8f6a303952188ed86e9847d4f7c7bfbd877aed6fcf
11232259,2024,Problem with a purchase shown on your statement,35c68932096e3017c4da2c8f6a303952188ed86e9847d4f7c7bfbd877aed6fcf
11228592,2024,Getting a credit card,5f863237a64ab6145f99db8bfb161c2cf2666442a4c75deb07948d693992ea15
11228381,2024,Getting a credit card,5f863237a64ab6145f99db8bfb161c2cf2666442a4c75deb07948d693992ea15
11233961,2024,Getting a credit card,5f863237a64ab6145f99db8bfb161c2cf2666442a4c75deb07948d693992ea15
11244471,2024,Closing your account,475d70a00f5f00a0bb6089abcf90f018e6c03bec59004cd290bb7065583bc8b9
11239004,2024,Closing your account,475d70a00f5f00a0bb6089abcf90f018e6c03bec59004cd290bb7065583bc8b9
11258472,2024,Getting a credit card,5f863237a64ab6145f99db8bfb161c2cf2666442a4c75deb07948d693992ea15
11252940,2024,Getting a credit card,5f863237a64ab6145f99db8bfb161c2cf2666442a4c75deb07948d693992ea15
11261914,2024,Getting a credit card,5f863237a64ab6145f99db8bfb161c2cf2666442a4c75deb07948d693992ea15
11274333,2024,Problem with a company's investigation into an existing problem,56197e58b2977ea7c3f24575f227ebd291d18384dad2f0922d89c17afbd7ea2a
11251072,2024,Problem when making payments,c6d280a3627380e95aa460c4cb6b915895e45bdbccb4b60553cd499be7bc6b68
11253394,2024,Problem when making payments,c6d280a3627380e95aa460c4cb6b915895e45bdbccb4b60553cd499be7bc6b68
11290632,2024,Problem with a company's investigation into an existing problem,78702a5e28113cd76b35f0f86df1bba0a2bed08e1d2967a818fd26b4fefbcf1c
11288041,2024,Problem with a company's investigation into an existing problem,78702a5e28113cd76b35f0f86df1bba0a2bed08e1d2967a818fd26b4fefbcf1c
11286232,2024,Problem with a company's investigation into an existing problem,78702a5e28113cd76b35f0f86df1bba0a2bed08e1d2967a818fd26b4fefbcf1c
11302468,2024,Problem with a company's investigation into an existing problem,56197e58b2977ea7c3f24575f227ebd291d18384dad2f0922d89c17afbd7ea2a
11299589,2024,Getting a credit card,5f863237a64ab6145f99db8bfb161c2cf2666442a4c75deb07948d693992ea15
11291880,2024,Getting a credit card,5f863237a64ab6145f99db8bfb161c2cf2666442a4c75deb07948d693992ea15
11291606,2024,Getting a credit card,5f863237a64ab6145f99db8bfb161c2cf2666442a4c75deb07948d693992ea15
11295674,2024,Getting a credit card,5f863237a64ab6145f99db8bfb161c2cf2666442a4c75deb07948d693992ea15
11310096,2024,Getting a credit card,5f863237a64ab6145f99db8bfb161c2cf2666442a4c75deb07948d693992ea15
11311051,2024,Getting a credit card,5f863237a64ab6145f99db8bfb161c2cf2666442a4c75deb07948d693992ea15
11310944,2024,Getting a credit card,5f863237a64ab6145f99db8bfb161c2cf2666442a4c75deb07948d693992ea15
11332494,2024,Problem when making payments,3d034573c99441819ccb9cde1fd657af4a06c78651b4ff85cd2edf4ea1403847
11338589,2024,Problem when making payments,3d034573c99441819ccb9cde1fd657af4a06c78651b4ff85cd2edf4ea1403847
11333261,2024,Problem when making payments,2793eb185224d65d359dc481322a018eaa79cb5c981b4737c2b864b0debbcb2c
11332363,2024,Problem when making payments,2793eb185224d65d359dc481322a018eaa79cb5c981b4737c2b864b0debbcb2c
11337729,2024,Getting a credit card,5f863237a64ab6145f99db8bfb161c2cf2666442a4c75deb07948d693992ea15
