source,Issue,rows,narratives
CCDB_Export_14_November_2025_through_December_2025.csv,Advertising,13,6
CCDB_Export_14_November_2025_through_December_2025.csv,"Advertising and marketing, including promotional offers",582,322
CCDB_Export_14_November_2025_through_December_2025.csv,Applying for a mortgage or refinancing an existing mortgage,518,259
CCDB_Export_14_November_2025_through_December_2025.csv,Attempts to collect debt not owed,19662,5926
CCDB_Export_14_November_2025_through_December_2025.csv,Can't contact lender or servicer,41,24
CCDB_Export_14_November_2025_through_December_2025.csv,Can't stop withdrawals from your bank account,32,21
CCDB_Export_14_November_2025_through_December_2025.csv,Charged fees or interest you didn't expect,662,376
CCDB_Export_14_November_2025_through_December_2025.csv,Charged upfront or unexpected fees,99,51
CCDB_Export_14_November_2025_through_December_2025.csv,Closing an account,1816,920
CCDB_Export_14_November_2025_through_December_2025.csv,Closing on a mortgage,431,238
CCDB_Export_14_November_2025_through_December_2025.csv,Closing your account,1128,570
CCDB_Export_14_November_2025_through_December_2025.csv,Communication tactics,1591,680
CCDB_Export_14_November_2025_through_December_2025.csv,Confusing or misleading advertising or marketing,142,85
CCDB_Export_14_November_2025_through_December_2025.csv,Confusing or missing disclosures,333,207
CCDB_Export_14_November_2025_through_December_2025.csv,Credit limit changed,7,3
CCDB_Export_14_November_2025_through_December_2025.csv,Credit monitoring or identity theft protection services,1208,248
CCDB_Export_14_November_2025_through_December_2025.csv,Dealing with your lender or servicer,1542,665
CCDB_Export_14_November_2025_through_December_2025.csv,Didn't provide services promised,167,85
CCDB_Export_14_November_2025_through_December_2025.csv,Electronic communications,825,353
CCDB_Export_14_November_2025_through_December_2025.csv,False statements or representation,6061,1890
CCDB_Export_14_November_2025_through_December_2025.csv,Fees or interest,1516,837
CCDB_Export_14_November_2025_through_December_2025.csv,Fraud or scam,1699,906
CCDB_Export_14_November_2025_through_December_2025.csv,Getting a credit card,1821,741
CCDB_Export_14_November_2025_through_December_2025.csv,Getting a line of credit,80,39
CCDB_Export_14_November_2025_through_December_2025.csv,Getting a loan,56,29
CCDB_Export_14_November_2025_through_December_2025.csv,Getting a loan or lease,444,233
CCDB_Export_14_November_2025_through_December_2025.csv,Getting the loan,246,125
CCDB_Export_14_November_2025_through_December_2025.csv,Identity theft protection or other monitoring services,91,24
CCDB_Export_14_November_2025_through_December_2025.csv,Improper use of your report,178127,28287
CCDB_Export_14_November_2025_through_December_2025.csv,Incorrect exchange rate,4,2
CCDB_Export_14_November_2025_through_December_2025.csv,Incorrect information on your report,552295,52052
CCDB_Export_14_November_2025_through_December_2025.csv,Issue where my lender is my school,19,10
CCDB_Export_14_November_2025_through_December_2025.csv,Issue with income share agreement,24,13
CCDB_Export_14_November_2025_through_December_2025.csv,Issues with repayment,26,12
CCDB_Export_14_November_2025_through_December_2025.csv,Loan payment wasn't credited to your account,27,13
CCDB_Export_14_November_2025_through_December_2025.csv,Lost or stolen money order,32,20
CCDB_Export_14_November_2025_through_December_2025.csv,Lost or stolen refund,1,1
CCDB_Export_14_November_2025_through_December_2025.csv,Managing an account,7854,3836
CCDB_Export_14_November_2025_through_December_2025.csv,Managing the loan or lease,1257,656
CCDB_Export_14_November_2025_through_December_2025.csv,"Managing, opening, or closing your mobile wallet account",388,190
CCDB_Export_14_November_2025_through_December_2025.csv,Money was not available when promised,428,245
CCDB_Export_14_November_2025_through_December_2025.csv,Money was taken from your bank account on the wrong day or for the wrong amount,31,21
CCDB_Export_14_November_2025_through_December_2025.csv,Opening an account,1172,498
CCDB_Export_14_November_2025_through_December_2025.csv,"Other features, terms, or problems",1516,814
CCDB_Export_14_November_2025_through_December_2025.csv,Other service problem,148,73
CCDB_Export_14_November_2025_through_December_2025.csv,Other transaction problem,957,539
CCDB_Export_14_November_2025_through_December_2025.csv,"Overdraft, savings, or rewards features",18,8
CCDB_Export_14_November_2025_through_December_2025.csv,Problem adding money,21,15
CCDB_Export_14_November_2025_through_December_2025.csv,Problem caused by your funds being low,797,444
CCDB_Export_14_November_2025_through_December_2025.csv,Problem getting a card or closing an account,201,112
CCDB_Export_14_November_2025_through_December_2025.csv,Problem when making payments,1110,519
CCDB_Export_14_November_2025_through_December_2025.csv,Problem with a company's investigation into an existing issue,440,100
CCDB_Export_14_November_2025_through_December_2025.csv,Problem with a company's investigation into an existing problem,170194,16141
CCDB_Export_14_November_2025_through_December_2025.csv,Problem with a lender or other company charging your account,2014,1095
CCDB_Export_14_November_2025_through_December_2025.csv,Problem with a purchase or transfer,323,187
CCDB_Export_14_November_2025_through_December_2025.csv,Problem with a purchase shown on your statement,4275,2060
CCDB_Export_14_November_2025_through_December_2025.csv,Problem with additional add-on products or services,181,110
CCDB_Export_14_November_2025_through_December_2025.csv,Problem with cash advance,8,3
CCDB_Export_14_November_2025_through_December_2025.csv,Problem with credit report or credit score,1,0
CCDB_Export_14_November_2025_through_December_2025.csv,Problem with customer service,208,118
CCDB_Export_14_November_2025_through_December_2025.csv,Problem with fraud alerts or security freezes,2771,477
CCDB_Export_14_November_2025_through_December_2025.csv,Problem with overdraft,6,2
CCDB_Export_14_November_2025_through_December_2025.csv,Problem with the payoff process at the end of the loan,201,124
CCDB_Export_14_November_2025_through_December_2025.csv,Problems at the end of the loan or lease,539,272
CCDB_Export_14_November_2025_through_December_2025.csv,Problems receiving the advance,10,8
CCDB_Export_14_November_2025_through_December_2025.csv,Property was damaged or destroyed property,3,1
CCDB_Export_14_November_2025_through_December_2025.csv,Property was sold,4,3
CCDB_Export_14_November_2025_through_December_2025.csv,Received a loan you didn't apply for,37,19
CCDB_Export_14_November_2025_through_December_2025.csv,Repossession,1195,591
CCDB_Export_14_November_2025_through_December_2025.csv,Struggling to pay mortgage,1207,558
CCDB_Export_14_November_2025_through_December_2025.csv,Struggling to pay your bill,244,101
CCDB_Export_14_November_2025_through_December_2025.csv,Struggling to pay your loan,516,245
CCDB_Export_14_November_2025_through_December_2025.csv,Struggling to repay your loan,527,242
CCDB_Export_14_November_2025_through_December_2025.csv,Threatened to contact someone or share information improperly,416,201
CCDB_Export_14_November_2025_through_December_2025.csv,Took or threatened to take negative or legal action,17672,1500
CCDB_Export_14_November_2025_through_December_2025.csv,Trouble accessing funds in your mobile or digital wallet,599,361
CCDB_Export_14_November_2025_through_December_2025.csv,Trouble during payment process,2398,1179
CCDB_Export_14_November_2025_through_December_2025.csv,Trouble using the card,445,237
CCDB_Export_14_November_2025_through_December_2025.csv,Trouble using your card,590,317
CCDB_Export_14_November_2025_through_December_2025.csv,Unable to get your credit report or credit score,2649,399
CCDB_Export_14_November_2025_through_December_2025.csv,Unauthorized transactions or other transaction problem,986,528
CCDB_Export_14_November_2025_through_December_2025.csv,Unauthorized withdrawals or charges,82,53
CCDB_Export_14_November_2025_through_December_2025.csv,Unexpected fees,13,9
CCDB_Export_14_November_2025_through_December_2025.csv,Unexpected or other fees,246,153
CCDB_Export_14_November_2025_through_December_2025.csv,Vehicle was damaged or destroyed the vehicle,7,3
CCDB_Export_14_November_2025_through_December_2025.csv,Vehicle was repossessed or sold the vehicle,27,17
CCDB_Export_14_November_2025_through_December_2025.csv,"Was approved for a loan, but didn't receive money",2,1
CCDB_Export_14_November_2025_through_December_2025.csv,"Was approved for a loan, but didn't receive the money",24,13
CCDB_Export_14_November_2025_through_December_2025.csv,Written notification about debt,8762,2949
CCDB_Export_14_November_2025_through_December_2025.csv,Wrong amount charged or received,44,21
CCDB_Export_8_November_2024_through_December_2024.csv,Advertising,11,7
CCDB_Export_8_November_2024_through_December_2024.csv,"Advertising and marketing, including promotional offers",420,282
CCDB_Export_8_November_2024_through_December_2024.csv,Applying for a mortgage or refinancing an existing mortgage,350,207
CCDB_Export_8_November_2024_through_December_2024.csv,Attempts to collect debt not owed,13040,5543
CCDB_Export_8_November_2024_through_December_2024.csv,Can't contact lender or servicer,32,21
CCDB_Export_8_November_2024_through_December_2024.csv,Can't stop withdrawals from your bank account,26,22
CCDB_Export_8_November_2024_through_December_2024.csv,Charged fees or interest you didn't expect,390,246
CCDB_Export_8_November_2024_through_December_2024.csv,Charged upfront or unexpected fees,181,103
CCDB_Export_8_November_2024_through_December_2024.csv,Closing an account,1326,806
CCDB_Export_8_November_2024_through_December_2024.csv,Closing on a mortgage,243,149
CCDB_Export_8_November_2024_through_December_2024.csv,Closing your account,785,456
CCDB_Export_8_November_2024_through_December_2024.csv,Communication tactics,1201,611
CCDB_Export_8_November_2024_through_December_2024.csv,Confusing or misleading advertising or marketing,124,79
CCDB_Export_8_November_2024_through_December_2024.csv,Confusing or missing disclosures,136,78
CCDB_Export_8_November_2024_through_December_2024.csv,Credit limit changed,4,3
CCDB_Export_8_November_2024_through_December_2024.csv,Credit monitoring or identity theft protection services,1260,496
CCDB_Export_8_November_2024_through_December_2024.csv,Dealing with your lender or servicer,1605,895
CCDB_Export_8_November_2024_through_December_2024.csv,Didn't provide services promised,235,152
CCDB_Export_8_November_2024_through_December_2024.csv,Electronic communications,451,231
CCDB_Export_8_November_2024_through_December_2024.csv,False statements or representation,6882,1933
CCDB_Export_8_November_2024_through_December_2024.csv,Fees or interest,1096,697
CCDB_Export_8_November_2024_through_December_2024.csv,Fraud or scam,1095,702
CCDB_Export_8_November_2024_through_December_2024.csv,Getting a credit card,1575,700
CCDB_Export_8_November_2024_through_December_2024.csv,Getting a line of credit,64,28
CCDB_Export_8_November_2024_through_December_2024.csv,Getting a loan,47,23
CCDB_Export_8_November_2024_through_December_2024.csv,Getting a loan or lease,333,174
CCDB_Export_8_November_2024_through_December_2024.csv,Getting the loan,127,79
CCDB_Export_8_November_2024_through_December_2024.csv,Identity theft protection or other monitoring services,87,58
CCDB_Export_8_November_2024_through_December_2024.csv,Improper use of your report,139843,32261
CCDB_Export_8_November_2024_through_December_2024.csv,Incorrect exchange rate,5,4
CCDB_Export_8_November_2024_through_December_2024.csv,Incorrect information on your report,289126,66389
CCDB_Export_8_November_2024_through_December_2024.csv,Issue where my lender is my school,7,5
CCDB_Export_8_November_2024_through_December_2024.csv,Issue with income share agreement,9,9
CCDB_Export_8_November_2024_through_December_2024.csv,Issues with repayment,12,8
CCDB_Export_8_November_2024_through_December_2024.csv,Loan payment wasn't credited to your account,16,5
CCDB_Export_8_November_2024_through_December_2024.csv,Lost or stolen money order,26,14
CCDB_Export_8_November_2024_through_December_2024.csv,Lost or stolen refund,1,0
CCDB_Export_8_November_2024_through_December_2024.csv,Managing an account,5258,2953
CCDB_Export_8_November_2024_through_December_2024.csv,Managing the loan or lease,681,420
CCDB_Export_8_November_2024_through_December_2024.csv,"Managing, opening, or closing your mobile wallet account",131,81
CCDB_Export_8_November_2024_through_December_2024.csv,Money was not available when promised,309,200
CCDB_Export_8_November_2024_through_December_2024.csv,Money was taken from your bank account on the wrong day or for the wrong amount,15,11
CCDB_Export_8_November_2024_through_December_2024.csv,Opening an account,894,417
CCDB_Export_8_November_2024_through_December_2024.csv,"Other features, terms, or problems",1171,681
CCDB_Export_8_November_2024_through_December_2024.csv,Other service problem,136,87
CCDB_Export_8_November_2024_through_December_2024.csv,Other transaction problem,587,376
CCDB_Export_8_November_2024_through_December_2024.csv,"Overdraft, savings, or rewards features",4,3
CCDB_Export_8_November_2024_through_December_2024.csv,Problem adding money,15,9
CCDB_Export_8_November_2024_through_December_2024.csv,Problem caused by your funds being low,1301,754
CCDB_Export_8_November_2024_through_December_2024.csv,Problem getting a card or closing an account,135,77
CCDB_Export_8_November_2024_through_December_2024.csv,Problem when making payments,858,483
CCDB_Export_8_November_2024_through_December_2024.csv,Problem with a company's investigation into an existing issue,212,109
CCDB_Export_8_November_2024_through_December_2024.csv,Problem with a company's investigation into an existing problem,93119,23854
CCDB_Export_8_November_2024_through_December_2024.csv,Problem with a lender or other company charging your account,1128,689
CCDB_Export_8_November_2024_through_December_2024.csv,Problem with a purchase or transfer,212,107
CCDB_Export_8_November_2024_through_December_2024.csv,Problem with a purchase shown on your statement,2479,1473
CCDB_Export_8_November_2024_through_December_2024.csv,Problem with additional add-on products or services,103,80
CCDB_Export_8_November_2024_through_December_2024.csv,Problem with cash advance,7,4
CCDB_Export_8_November_2024_through_December_2024.csv,Problem with customer service,143,96
CCDB_Export_8_November_2024_through_December_2024.csv,Problem with fraud alerts or security freezes,1214,463
CCDB_Export_8_November_2024_through_December_2024.csv,Problem with overdraft,3,3
CCDB_Export_8_November_2024_through_December_2024.csv,Problem with the payoff process at the end of the loan,126,81
CCDB_Export_8_November_2024_through_December_2024.csv,Problems at the end of the loan or lease,358,215
CCDB_Export_8_November_2024_through_December_2024.csv,Problems receiving the advance,6,5
CCDB_Export_8_November_2024_through_December_2024.csv,Property was sold,1,0
CCDB_Export_8_November_2024_through_December_2024.csv,Received a loan you didn't apply for,38,26
CCDB_Export_8_November_2024_through_December_2024.csv,Repossession,587,344
CCDB_Export_8_November_2024_through_December_2024.csv,Struggling to pay mortgage,766,389
CCDB_Export_8_November_2024_through_December_2024.csv,Struggling to pay your bill,172,80
CCDB_Export_8_November_2024_through_December_2024.csv,Struggling to pay your loan,271,149
CCDB_Export_8_November_2024_through_December_2024.csv,Struggling to repay your loan,414,215
CCDB_Export_8_November_2024_through_December_2024.csv,Threatened to contact someone or share information improperly,276,142
CCDB_Export_8_November_2024_through_December_2024.csv,Took or threatened to take negative or legal action,2867,1064
CCDB_Export_8_November_2024_through_December_2024.csv,Trouble accessing funds in your mobile or digital wallet,269,196
CCDB_Export_8_November_2024_through_December_2024.csv,Trouble during payment process,1986,1212
CCDB_Export_8_November_2024_through_December_2024.csv,Trouble using the card,699,407
CCDB_Export_8_November_2024_through_December_2024.csv,Trouble using your card,399,250
CCDB_Export_8_November_2024_through_December_2024.csv,Unable to get your credit report or credit score,1771,663
CCDB_Export_8_November_2024_through_December_2024.csv,Unauthorized transactions or other transaction problem,307,190
CCDB_Export_8_November_2024_through_December_2024.csv,Unauthorized withdrawals or charges,51,33
CCDB_Export_8_November_2024_through_December_2024.csv,Unexpected fees,5,4
CCDB_Export_8_November_2024_through_December_2024.csv,Unexpected or other fees,172,117
CCDB_Export_8_November_2024_through_December_2024.csv,Vehicle was damaged or destroyed the vehicle,5,4
CCDB_Export_8_November_2024_through_December_2024.csv,Vehicle was repossessed or sold the vehicle,13,6
CCDB_Export_8_November_2024_through_December_2024.csv,"Was approved for a loan, but didn't receive money",1,1
CCDB_Export_8_November_2024_through_December_2024.csv,"Was approved for a loan, but didn't receive the money",13,12
CCDB_Export_8_November_2024_through_December_2024.csv,Written notification about debt,7162,2182
CCDB_Export_8_November_2024_through_December_2024.csv,Wrong amount charged or received,37,23
