year,Issue,narratives,literal_issue,literal_subissue,field_markers
2024,"Advertising and marketing, including promotional offers",282,0,0,5
2024,Closing your account,456,0,0,0
2024,Credit monitoring or identity theft protection services,13,0,0,0
2024,Fees or interest,697,5,0,9
2024,Getting a credit card,700,0,0,2
2024,Improper use of your report,43,0,0,0
2024,Incorrect information on your report,204,0,0,1
2024,"Other features, terms, or problems",680,0,3,8
2024,Problem when making payments,384,0,0,2
2024,Problem with a company's investigation into an existing problem,254,0,0,1
2024,Problem with a purchase shown on your statement,1473,0,0,24
2024,Problem with fraud alerts or security freezes,7,0,0,0
2024,Struggling to pay your bill,80,0,0,0
2024,Trouble using your card,250,0,0,3
2024,Unable to get your credit report or credit score,4,0,0,0
2025,"Advertising and marketing, including promotional offers",322,2,0,13
2025,Closing your account,570,0,0,10
2025,Credit monitoring or identity theft protection services,8,0,0,0
2025,Fees or interest,837,4,0,23
2025,Getting a credit card,741,0,0,9
2025,Improper use of your report,51,0,0,0
2025,Incorrect information on your report,475,0,0,7
2025,"Other features, terms, or problems",814,0,0,22
2025,Problem when making payments,335,0,0,9
2025,Problem with a company's investigation into an existing problem,194,0,0,5
2025,Problem with a purchase shown on your statement,2060,3,2,67
2025,Problem with fraud alerts or security freezes,7,0,0,0
2025,Struggling to pay your bill,101,0,0,3
2025,Trouble using your card,317,0,0,11
2025,Unable to get your credit report or credit score,4,0,0,0
