Complaint ID,year,Issue,norm_hash
16961555,2025,Incorrect information on your report,524834085a85fea2a2e78aa3b5d1c94d0aea6cf9237329755d1f47aa05930376
16941606,2025,Incorrect information on your report,524834085a85fea2a2e78aa3b5d1c94d0aea6cf9237329755d1f47aa05930376
16941631,2025,Incorrect information on your report,524834085a85fea2a2e78aa3b5d1c94d0aea6cf9237329755d1f47aa05930376
16941569,2025,Incorrect information on your report,e367a70c0f4bc673efcf0427ade2f1cb4663d07e09e8d4e57fd1a044f0ca31e6
16941353,2025,Incorrect information on your report,ad302ffe79cb95f6508efd1b9de1cb3bad07d2ac76b9c76351d54ff39e7a22ec
16941039,2025,Incorrect information on your report,ad302ffe79cb95f6508efd1b9de1cb3bad07d2ac76b9c76351d54ff39e7a22ec
16961622,2025,Incorrect information on your report,f642c500671ae4d6ba4f2867a76d9036cb511d4aac6369a43ba2216b610aa16d
16940982,2025,Incorrect information on your report,f642c500671ae4d6ba4f2867a76d9036cb511d4aac6369a43ba2216b610aa16d
16940410,2025,Incorrect information on your report,e367a70c0f4bc673efcf0427ade2f1cb4663d07e09e8d4e57fd1a044f0ca31e6
16940257,2025,Incorrect information on your report,ad302ffe79cb95f6508efd1b9de1cb3bad07d2ac76b9c76351d54ff39e7a22ec
16941126,2025,Incorrect information on your report,e367a70c0f4bc673efcf0427ade2f1cb4663d07e09e8d4e57fd1a044f0ca31e6
16999301,2025,Incorrect information on your report,46cab700df585e702bb21f3cd340e3592ff894a0d4024b3b21a29b3a12b44c2b
16998060,2025,Incorrect information on your report,46cab700df585e702bb21f3cd340e3592ff894a0d4024b3b21a29b3a12b44c2b
16997481,2025,Incorrect information on your report,46cab700df585e702bb21f3cd340e3592ff894a0d4024b3b21a29b3a12b44c2b
16997347,2025,Incorrect information on your report,2b1e358c5d48dd63cbcce75e719aec8920471ab43dfc7a523a305d3fd5416ada
16995805,2025,Incorrect information on your report,6fb1b9f876669c84eeedc5181bbd3776bdbbd5c91da22a6073d9e81643c7b9a2
16995707,2025,Incorrect information on your report,6fb1b9f876669c84eeedc5181bbd3776bdbbd5c91da22a6073d9e81643c7b9a2
16995603,2025,Incorrect information on your report,71d6714ac7a6dcb68c9044e537ece9581d1a6cb248ad91d67a26eb4c485d7983
16995120,2025,Incorrect information on your report,2b1e358c5d48dd63cbcce75e719aec8920471ab43dfc7a523a305d3fd5416ada
16994741,2025,Incorrect information on your report,e6ee97356f039a22a8e4ff1b28bc9196e85ad2aef831b0ce958672348906a743
16994733,2025,Incorrect information on your report,30b017d1b8ad32a2435c5a6397188ddf37318bd76806fbe6ff5a140fdc731f46
16994385,2025,Incorrect information on your report,e6ee97356f039a22a8e4ff1b28bc9196e85ad2aef831b0ce958672348906a743
16994520,2025,Incorrect information on your report,30b017d1b8ad32a2435c5a6397188ddf37318bd76806fbe6ff5a140fdc731f46
16993907,2025,Incorrect information on your report,30b017d1b8ad32a2435c5a6397188ddf37318bd76806fbe6ff5a140fdc731f46
16994787,2025,Incorrect information on your report,2b1e358c5d48dd63cbcce75e719aec8920471ab43dfc7a523a305d3fd5416ada
16994842,2025,Incorrect information on your report,71d6714ac7a6dcb68c9044e537ece9581d1a6cb248ad91d67a26eb4c485d7983
16994449,2025,Incorrect information on your report,71d6714ac7a6dcb68c9044e537ece9581d1a6cb248ad91d67a26eb4c485d7983
16993372,2025,Incorrect information on your report,f8a000dde9acf891483da5364241765c175264c5e1dceaad5af6145514fc3da0
16993479,2025,Incorrect information on your report,f8a000dde9acf891483da5364241765c175264c5e1dceaad5af6145514fc3da0
16992390,2025,Incorrect information on your report,f3100f4c354c2eeffd5c1dee418eeac3b4679b74f266b0c20e9c7b13f491d50d
16991700,2025,Incorrect information on your report,f3100f4c354c2eeffd5c1dee418eeac3b4679b74f266b0c20e9c7b13f491d50d
16990004,2025,Incorrect information on your report,db6b0bd273e9944dec5ce21145e64ba5d97cb666e7084fbd692e63290d939d17
16988933,2025,Incorrect information on your report,db6b0bd273e9944dec5ce21145e64ba5d97cb666e7084fbd692e63290d939d17
16988167,2025,Incorrect information on your report,ffbb67aaa7eeb35f8dda8bf25440416167b658dc737f56204860a1142eb695a5
16987981,2025,Incorrect information on your report,993191ca40f9f52275367a734a40431561217a890d68365541e7a64ba35ee8b6
16987602,2025,Incorrect information on your report,993191ca40f9f52275367a734a40431561217a890d68365541e7a64ba35ee8b6
16987361,2025,Incorrect information on your report,ffbb67aaa7eeb35f8dda8bf25440416167b658dc737f56204860a1142eb695a5
17002570,2025,Incorrect information on your report,ffbb67aaa7eeb35f8dda8bf25440416167b658dc737f56204860a1142eb695a5
16986190,2025,Incorrect information on your report,092bbca147fca04caaa78e684007acad1a2ddd95266a034dab8a4b30107c062e
17002802,2025,Problem with a company's investigation into an existing problem,71c5f0c79428ebf6e28c7c0472071cf3561176b4dd949a55ef90f4a52b0dca0f
16982446,2025,Incorrect information on your report,df7d63d039931cb73d68daaff3c122fd4bf2cff4d1b2405397ee126414744a49
17002354,2025,Incorrect information on your report,2672ba383814d0fbd8750d50cbcf9bc5cb6843b5f84ff3e8da91e309fcc7e0b6
16981454,2025,Incorrect information on your report,db7be434adead84361840744d0dda2dadebb77dc961737e399586620cc3573b7
16981054,2025,Incorrect information on your report,df7d63d039931cb73d68daaff3c122fd4bf2cff4d1b2405397ee126414744a49
16980629,2025,Incorrect information on your report,df7d63d039931cb73d68daaff3c122fd4bf2cff4d1b2405397ee126414744a49
16978895,2025,Incorrect information on your report,db7be434adead84361840744d0dda2dadebb77dc961737e399586620cc3573b7
16980871,2025,Incorrect information on your report,8debbed6c6fd10377cbba4779aca90d269b78319b497cdc838cd2f74aab54f71
17002658,2025,Incorrect information on your report,db7be434adead84361840744d0dda2dadebb77dc961737e399586620cc3573b7
16980270,2025,Incorrect information on your report,db7be434adead84361840744d0dda2dadebb77dc961737e399586620cc3573b7
16980488,2025,Incorrect information on your report,821f9eb1126eb8ac0a268df2bbeb6544bf8cdf193cebf28a82508dbbe18a4a80
16980314,2025,Incorrect information on your report,821f9eb1126eb8ac0a268df2bbeb6544bf8cdf193cebf28a82508dbbe18a4a80
16981988,2025,Incorrect information on your report,a0935c303d3824d717a3bfbeed0699fa9a209ed02f1ea87ecfdebad5c53501fd
16978182,2025,Incorrect information on your report,8debbed6c6fd10377cbba4779aca90d269b78319b497cdc838cd2f74aab54f71
16979736,2025,Incorrect information on your report,a0935c303d3824d717a3bfbeed0699fa9a209ed02f1ea87ecfdebad5c53501fd
16978960,2025,Incorrect information on your report,a0935c303d3824d717a3bfbeed0699fa9a209ed02f1ea87ecfdebad5c53501fd
16978866,2025,Incorrect information on your report,a0935c303d3824d717a3bfbeed0699fa9a209ed02f1ea87ecfdebad5c53501fd
16978679,2025,Incorrect information on your report,a0935c303d3824d717a3bfbeed0699fa9a209ed02f1ea87ecfdebad5c53501fd
17026051,2025,Incorrect information on your report,6224e7c5ed02a9fc20d1c1501f28a79ccf14be887f8b401a6e6f96ba78eda82a
17025672,2025,Incorrect information on your report,6224e7c5ed02a9fc20d1c1501f28a79ccf14be887f8b401a6e6f96ba78eda82a
17025131,2025,Incorrect information on your report,6224e7c5ed02a9fc20d1c1501f28a79ccf14be887f8b401a6e6f96ba78eda82a
17019813,2025,Incorrect information on your report,dfe45f7ca67b3da377d6494e7a8f1d8fc4bab71a29d2b080433c8f881cf51890
17019313,2025,Incorrect information on your report,dfe45f7ca67b3da377d6494e7a8f1d8fc4bab71a29d2b080433c8f881cf51890
17017610,2025,Incorrect information on your report,b6841d91a1648ea8a92405c39e01b971f6d0495407756a0deacc57bd540665a2
17017200,2025,Incorrect information on your report,b6841d91a1648ea8a92405c39e01b971f6d0495407756a0deacc57bd540665a2
17017634,2025,Incorrect information on your report,92b959ef2bf7c9789cbb532c025f406aae3d4091ac92a03d3bdb92c86a1a1abf
17015067,2025,Incorrect information on your report,b6841d91a1648ea8a92405c39e01b971f6d0495407756a0deacc57bd540665a2
17015111,2025,Incorrect information on your report,5c1d0f3b7b1b16783e86638b59c7380fcbf82b7a555799cd57dd5aa53664b0b8
17007380,2025,Incorrect information on your report,8f4b5ee3268aa8e9f4d59bb6386abb25b5ff85a92784d762e36485dd8990e3b4
17013848,2025,Incorrect information on your report,29819c4f37edb0b9f3def3dc03cc668ddd9cd2d133232d82931238c5ac557345
17013539,2025,Incorrect information on your report,8f4b5ee3268aa8e9f4d59bb6386abb25b5ff85a92784d762e36485dd8990e3b4
17012642,2025,Incorrect information on your report,29819c4f37edb0b9f3def3dc03cc668ddd9cd2d133232d82931238c5ac557345
17012429,2025,Incorrect information on your report,5c1d0f3b7b1b16783e86638b59c7380fcbf82b7a555799cd57dd5aa53664b0b8
17012186,2025,Incorrect information on your report,29819c4f37edb0b9f3def3dc03cc668ddd9cd2d133232d82931238c5ac557345
17011371,2025,Incorrect information on your report,7a8f6027ef1ecc6a1412752327512b44d3a615d0a0fb18f971b6f0fdb4cdd3b6
17011548,2025,Incorrect information on your report,7a8f6027ef1ecc6a1412752327512b44d3a615d0a0fb18f971b6f0fdb4cdd3b6
17006674,2025,Incorrect information on your report,7a8f6027ef1ecc6a1412752327512b44d3a615d0a0fb18f971b6f0fdb4cdd3b6
17011134,2025,Incorrect information on your report,0376a74e921cad775071b38d88dc00818eb8cd183a8b8aa1fe7a1ac753b37f83
17010660,2025,Incorrect information on your report,0376a74e921cad775071b38d88dc00818eb8cd183a8b8aa1fe7a1ac753b37f83
17008591,2025,Incorrect information on your report,0376a74e921cad775071b38d88dc00818eb8cd183a8b8aa1fe7a1ac753b37f83
17049354,2025,Problem with a purchase shown on your statement,a782e026f8db1a48a643d69f73efe1a4799fff71b07ef17c1a638e414807c80a
17048154,2025,Problem with a purchase shown on your statement,a782e026f8db1a48a643d69f73efe1a4799fff71b07ef17c1a638e414807c80a
17049216,2025,Incorrect information on your report,e2fdd5fed70e0e27083a2dd1074ebf3b0adbaba8faffe89f784d2812a114ee4a
17048340,2025,Incorrect information on your report,e2fdd5fed70e0e27083a2dd1074ebf3b0adbaba8faffe89f784d2812a114ee4a
17043285,2025,Incorrect information on your report,e149399c8e668f7b1bb9c5258d6eb3fdad93e67417eedcc10f3aefc1619625ed
17041968,2025,Incorrect information on your report,e149399c8e668f7b1bb9c5258d6eb3fdad93e67417eedcc10f3aefc1619625ed
17031545,2025,Incorrect information on your report,92b959ef2bf7c9789cbb532c025f406aae3d4091ac92a03d3bdb92c86a1a1abf
17031020,2025,Getting a credit card,b78e8ad109547941c95d7c463e8e3507b0dab98ec458968c05ddc6b803ccc12b
17055763,2025,Getting a credit card,b78e8ad109547941c95d7c463e8e3507b0dab98ec458968c05ddc6b803ccc12b
17036096,2025,Getting a credit card,b78e8ad109547941c95d7c463e8e3507b0dab98ec458968c05ddc6b803ccc12b
17070420,2025,Problem with a company's investigation into an existing problem,b335be6702e91780bfe5d41d66ae1e5689b0d99d218e6a02f561259903132314
17068743,2025,Problem with a company's investigation into an existing problem,b335be6702e91780bfe5d41d66ae1e5689b0d99d218e6a02f561259903132314
17111928,2025,Incorrect information on your report,7bfcf44fdb59b566a610bcae5702aa3df649be6e90b9d72f4e1c92310350d645
17111486,2025,Incorrect information on your report,9df0bd922bc8fb3fdd1048eda637ba8f835e894e21b32682f5ce6a76187b0076
17111521,2025,Incorrect information on your report,9df0bd922bc8fb3fdd1048eda637ba8f835e894e21b32682f5ce6a76187b0076
17127041,2025,Incorrect information on your report,7bfcf44fdb59b566a610bcae5702aa3df649be6e90b9d72f4e1c92310350d645
17127021,2025,Incorrect information on your report,5354b05f913553dd4a76fdab0e6b5e5ba6e29f299df8c523e92064b7e8622245
17111476,2025,Incorrect information on your report,9df0bd922bc8fb3fdd1048eda637ba8f835e894e21b32682f5ce6a76187b0076
17125985,2025,Incorrect information on your report,5354b05f913553dd4a76fdab0e6b5e5ba6e29f299df8c523e92064b7e8622245
17126618,2025,Incorrect information on your report,371261d3ed61514d5b01008bc1d4814bb2646258baa00dea7d92702e543bd383
17126730,2025,Incorrect information on your report,371261d3ed61514d5b01008bc1d4814bb2646258baa00dea7d92702e543bd383
17126449,2025,Incorrect information on your report,371261d3ed61514d5b01008bc1d4814bb2646258baa00dea7d92702e543bd383
17126559,2025,Incorrect information on your report,d2566074613564f7a40ae23a90cf53fcb3fa67057cd7b6f3883651f20d9b772b
17126523,2025,Incorrect information on your report,d2566074613564f7a40ae23a90cf53fcb3fa67057cd7b6f3883651f20d9b772b
17126515,2025,Incorrect information on your report,d2566074613564f7a40ae23a90cf53fcb3fa67057cd7b6f3883651f20d9b772b
17127284,2025,Incorrect information on your report,5354b05f913553dd4a76fdab0e6b5e5ba6e29f299df8c523e92064b7e8622245
17128727,2025,Incorrect information on your report,092bbca147fca04caaa78e684007acad1a2ddd95266a034dab8a4b30107c062e
17129377,2025,Incorrect information on your report,cee1d2809368a3f5061e492a220b97e460b8cdf83ab25adc5184e90a44409e60
17129092,2025,Incorrect information on your report,cee1d2809368a3f5061e492a220b97e460b8cdf83ab25adc5184e90a44409e60
17128944,2025,Incorrect information on your report,db7be434adead84361840744d0dda2dadebb77dc961737e399586620cc3573b7
17129216,2025,Incorrect information on your report,2672ba383814d0fbd8750d50cbcf9bc5cb6843b5f84ff3e8da91e309fcc7e0b6
17128938,2025,Incorrect information on your report,db7be434adead84361840744d0dda2dadebb77dc961737e399586620cc3573b7
17149141,2025,Incorrect information on your report,629ae738c2389201febc917d31fd493f89b9d84294bc629c1ca9339b1d2a268d
17149349,2025,Incorrect information on your report,397c1c5c30b06a21c0f883337d2979c70cada294edab8977d3899764756b6c45
17148973,2025,Incorrect information on your report,9d6592c8cef08a4bdb814823e12362c27b0f89d2bfd9221c08322629427d5874
17148635,2025,Incorrect information on your report,9d6592c8cef08a4bdb814823e12362c27b0f89d2bfd9221c08322629427d5874
17148406,2025,Incorrect information on your report,9d6592c8cef08a4bdb814823e12362c27b0f89d2bfd9221c08322629427d5874
17148452,2025,Incorrect information on your report,397c1c5c30b06a21c0f883337d2979c70cada294edab8977d3899764756b6c45
17147586,2025,Incorrect information on your report,5af96aedf421b9d290786bbc17d6246c6a15a86e45f3740ea641dba8f75cbf5f
17149021,2025,Incorrect information on your report,629ae738c2389201febc917d31fd493f89b9d84294bc629c1ca9339b1d2a268d
17146650,2025,Incorrect information on your report,5af96aedf421b9d290786bbc17d6246c6a15a86e45f3740ea641dba8f75cbf5f
17146392,2025,Incorrect information on your report,11501e120651472d55d33de840771f225fd99dec1a05b51395fdcd79543fabb2
17144639,2025,Incorrect information on your report,11501e120651472d55d33de840771f225fd99dec1a05b51395fdcd79543fabb2
17142686,2025,Incorrect information on your report,8d9a2df75fc78b029960de5b30486461e6996ee4e0e484d0457c7620a80cd94c
17141415,2025,Incorrect information on your report,8d9a2df75fc78b029960de5b30486461e6996ee4e0e484d0457c7620a80cd94c
17174870,2025,Incorrect information on your report,1388ac001bfa688fbd5c1b10c118714b36a79a2495003a01d3f616ec4af6fd3d
17174524,2025,Incorrect information on your report,1388ac001bfa688fbd5c1b10c118714b36a79a2495003a01d3f616ec4af6fd3d
17179183,2025,Incorrect information on your report,fbc7b022d7d3975e375e6ebbeee2ab11889a0f3b28845e7cb54004b2d17bc4b4
17172295,2025,Incorrect information on your report,fbc7b022d7d3975e375e6ebbeee2ab11889a0f3b28845e7cb54004b2d17bc4b4
17172249,2025,Incorrect information on your report,7a98095729b739113da2c38c74e2e656b762f0db2b67b508180af308e0a63c8f
17171468,2025,Incorrect information on your report,966cc20ad9567c90236dd92e0e0ada828baed2cb6dbf18408d8c3a42edf98c33
17171454,2025,Incorrect information on your report,966cc20ad9567c90236dd92e0e0ada828baed2cb6dbf18408d8c3a42edf98c33
17171429,2025,Problem with a company's investigation into an existing problem,19179791d9c9cdf8a802c91cc385605545b553ae6eb9316d2abb70a5cb1c7cf0
17171232,2025,Incorrect information on your report,966cc20ad9567c90236dd92e0e0ada828baed2cb6dbf18408d8c3a42edf98c33
17174762,2025,Incorrect information on your report,7a98095729b739113da2c38c74e2e656b762f0db2b67b508180af308e0a63c8f
17174580,2025,Incorrect information on your report,7a98095729b739113da2c38c74e2e656b762f0db2b67b508180af308e0a63c8f
17169904,2025,Problem with a company's investigation into an existing problem,a67f4fe82b49bd9795872ba1f6e5918f21e71e16dc12e2cf8f2b2ee84b27037a
17203760,2025,Incorrect information on your report,bae638498328026f2a32bad76f02df79944409cbbf9455287a9183eebc93137a
17203001,2025,Incorrect information on your report,bae638498328026f2a32bad76f02df79944409cbbf9455287a9183eebc93137a
17202626,2025,Incorrect information on your report,bae638498328026f2a32bad76f02df79944409cbbf9455287a9183eebc93137a
17201133,2025,Incorrect information on your report,bae638498328026f2a32bad76f02df79944409cbbf9455287a9183eebc93137a
17201794,2025,Incorrect information on your report,bae638498328026f2a32bad76f02df79944409cbbf9455287a9183eebc93137a
17194479,2025,Incorrect information on your report,769b4a1cbb9bd01390efc01b939156b2eb870d1aef7f5b23a4aef64edae104d4
17194760,2025,Incorrect information on your report,41978eb56e4edd9a5a5ddd28fc4605011709832f1295274e88ee86fc3e822b59
17194052,2025,Incorrect information on your report,769b4a1cbb9bd01390efc01b939156b2eb870d1aef7f5b23a4aef64edae104d4
17192872,2025,Incorrect information on your report,41978eb56e4edd9a5a5ddd28fc4605011709832f1295274e88ee86fc3e822b59
17194895,2025,Incorrect information on your report,ffbb67aaa7eeb35f8dda8bf25440416167b658dc737f56204860a1142eb695a5
17192307,2025,Incorrect information on your report,4b3dd4b3268f9d1c65daa1857bb2e4c8f29afdc1e329f661437474fe4ddfa38c
17191643,2025,Incorrect information on your report,4b3dd4b3268f9d1c65daa1857bb2e4c8f29afdc1e329f661437474fe4ddfa38c
17190946,2025,Incorrect information on your report,4b3dd4b3268f9d1c65daa1857bb2e4c8f29afdc1e329f661437474fe4ddfa38c
17188344,2025,Incorrect information on your report,ffbb67aaa7eeb35f8dda8bf25440416167b658dc737f56204860a1142eb695a5
17210594,2025,Incorrect information on your report,351e43f434be1e286be314a167632243514a83adc4a105d515f2a5eced24bf87
17210502,2025,Incorrect information on your report,351e43f434be1e286be314a167632243514a83adc4a105d515f2a5eced24bf87
17210463,2025,Incorrect information on your report,1ed29eaf069cca74601e4d3e278d6944f04a19d4760efc8eed56a7004dbc003d
17210532,2025,Incorrect information on your report,351e43f434be1e286be314a167632243514a83adc4a105d515f2a5eced24bf87
17210534,2025,Incorrect information on your report,a72fd207e3a5d589be1939e7c78d6532a0f1740aa0ec8515b9338a5a5fd9571e
17210236,2025,Incorrect information on your report,a72fd207e3a5d589be1939e7c78d6532a0f1740aa0ec8515b9338a5a5fd9571e
17210130,2025,Incorrect information on your report,a72fd207e3a5d589be1939e7c78d6532a0f1740aa0ec8515b9338a5a5fd9571e
17233639,2025,Incorrect information on your report,b8098c8343448aa23b193038e40780ea5170a29c53984e0dcd964d0b4f6673f2
17233135,2025,Incorrect information on your report,befc2233637efdc6e7bfe97a546a3a99b3c38787594820f269c3ef494f574427
17231999,2025,Incorrect information on your report,befc2233637efdc6e7bfe97a546a3a99b3c38787594820f269c3ef494f574427
17231550,2025,Incorrect information on your report,befc2233637efdc6e7bfe97a546a3a99b3c38787594820f269c3ef494f574427
17211462,2025,Incorrect information on your report,b8098c8343448aa23b193038e40780ea5170a29c53984e0dcd964d0b4f6673f2
17231383,2025,Incorrect information on your report,b8098c8343448aa23b193038e40780ea5170a29c53984e0dcd964d0b4f6673f2
17225392,2025,Incorrect information on your report,42b062543e08b10e8481754bc4aea0d501cd9b00d8f53d951d97b632f447cc6f
17223753,2025,Incorrect information on your report,d9d9da9ab0fab3b0582736a8c22dba2ccf29c07d626a9ff0b2e8fac52a887d11
17224832,2025,Incorrect information on your report,d9d9da9ab0fab3b0582736a8c22dba2ccf29c07d626a9ff0b2e8fac52a887d11
17223626,2025,Incorrect information on your report,42b062543e08b10e8481754bc4aea0d501cd9b00d8f53d951d97b632f447cc6f
17221335,2025,Incorrect information on your report,7799df1ee881772a3128eadae0f785769dfc94f4061ebef3924cde8f6f5a2e82
17218684,2025,Incorrect information on your report,7799df1ee881772a3128eadae0f785769dfc94f4061ebef3924cde8f6f5a2e82
17261653,2025,Getting a credit card,d1264c80b37cbc65074b4139434c16fa39a5f392dd4fcec4a4efb1c4441d0d2a
17261386,2025,Getting a credit card,d1264c80b37cbc65074b4139434c16fa39a5f392dd4fcec4a4efb1c4441d0d2a
17260659,2025,Incorrect information on your report,d8e3e777955b45c13572759c2fbde23f42f9c5e8b666020749e0cf2e068d32b8
17260646,2025,Incorrect information on your report,68bda7fb027602bd1754a7116d87cd7483fc2197795a735bdc8e4862638fa3f2
17260811,2025,Incorrect information on your report,1fb24713ae3d500744af85c3a058acd98985a2036ab1a0f3c8f288deef42a0b0
17260600,2025,Incorrect information on your report,1fb24713ae3d500744af85c3a058acd98985a2036ab1a0f3c8f288deef42a0b0
17260784,2025,Incorrect information on your report,68bda7fb027602bd1754a7116d87cd7483fc2197795a735bdc8e4862638fa3f2
17260319,2025,Incorrect information on your report,d8e3e777955b45c13572759c2fbde23f42f9c5e8b666020749e0cf2e068d32b8
17260296,2025,Incorrect information on your report,d8e3e777955b45c13572759c2fbde23f42f9c5e8b666020749e0cf2e068d32b8
17259443,2025,Incorrect information on your report,68bda7fb027602bd1754a7116d87cd7483fc2197795a735bdc8e4862638fa3f2
17259178,2025,Incorrect information on your report,90e9cfc99a5ec507073b0cefa12468ac5bc74dc052d2b8c40180c0aaa682c948
17260356,2025,Incorrect information on your report,4ea111be06d2325de07b812d27e71f8ea02b42a46a7c3cac5735a16bed585796
17259839,2025,Incorrect information on your report,0740a23bcfadd813a32d2aa45b3b97632def6f6f22105148a4102ec9acd54a37
17259351,2025,Incorrect information on your report,90e9cfc99a5ec507073b0cefa12468ac5bc74dc052d2b8c40180c0aaa682c948
17241863,2025,Getting a credit card,b78e8ad109547941c95d7c463e8e3507b0dab98ec458968c05ddc6b803ccc12b
17258916,2025,Incorrect information on your report,4ea111be06d2325de07b812d27e71f8ea02b42a46a7c3cac5735a16bed585796
17258604,2025,Getting a credit card,b78e8ad109547941c95d7c463e8e3507b0dab98ec458968c05ddc6b803ccc12b
17257568,2025,Getting a credit card,b78e8ad109547941c95d7c463e8e3507b0dab98ec458968c05ddc6b803ccc12b
17256938,2025,Getting a credit card,b78e8ad109547941c95d7c463e8e3507b0dab98ec458968c05ddc6b803ccc12b
17257125,2025,Incorrect information on your report,0740a23bcfadd813a32d2aa45b3b97632def6f6f22105148a4102ec9acd54a37
17257829,2025,Incorrect information on your report,90e9cfc99a5ec507073b0cefa12468ac5bc74dc052d2b8c40180c0aaa682c948
17258274,2025,Incorrect information on your report,90e9cfc99a5ec507073b0cefa12468ac5bc74dc052d2b8c40180c0aaa682c948
17256232,2025,Incorrect information on your report,355f61838a164eadb995146fcf6200fa273aa67c45ea77d53cf417cebde27026
17255613,2025,Incorrect information on your report,355f61838a164eadb995146fcf6200fa273aa67c45ea77d53cf417cebde27026
17254584,2025,Getting a credit card,b78e8ad109547941c95d7c463e8e3507b0dab98ec458968c05ddc6b803ccc12b
17255015,2025,Getting a credit card,b78e8ad109547941c95d7c463e8e3507b0dab98ec458968c05ddc6b803ccc12b
17273176,2025,Getting a credit card,b78e8ad109547941c95d7c463e8e3507b0dab98ec458968c05ddc6b803ccc12b
17273129,2025,Getting a credit card,b78e8ad109547941c95d7c463e8e3507b0dab98ec458968c05ddc6b803ccc12b
17272871,2025,Getting a credit card,b78e8ad109547941c95d7c463e8e3507b0dab98ec458968c05ddc6b803ccc12b
17284075,2025,Getting a credit card,45ac6af8d14f9fceff1ae837a28f5aa79d6bee9280b9865ddd03fcf2712b56e7
17283041,2025,Getting a credit card,45ac6af8d14f9fceff1ae837a28f5aa79d6bee9280b9865ddd03fcf2712b56e7
17290932,2025,Getting a credit card,b78e8ad109547941c95d7c463e8e3507b0dab98ec458968c05ddc6b803ccc12b
17305625,2025,Getting a credit card,b78e8ad109547941c95d7c463e8e3507b0dab98ec458968c05ddc6b803ccc12b
17303881,2025,Getting a credit card,b78e8ad109547941c95d7c463e8e3507b0dab98ec458968c05ddc6b803ccc12b
17331646,2025,Getting a credit card,b78e8ad109547941c95d7c463e8e3507b0dab98ec458968c05ddc6b803ccc12b
17329078,2025,Getting a credit card,b78e8ad109547941c95d7c463e8e3507b0dab98ec458968c05ddc6b803ccc12b
17330507,2025,Getting a credit card,b78e8ad109547941c95d7c463e8e3507b0dab98ec458968c05ddc6b803ccc12b
17326210,2025,Getting a credit card,b78e8ad109547941c95d7c463e8e3507b0dab98ec458968c05ddc6b803ccc12b
17325779,2025,Getting a credit card,b78e8ad109547941c95d7c463e8e3507b0dab98ec458968c05ddc6b803ccc12b
17325581,2025,Getting a credit card,b78e8ad109547941c95d7c463e8e3507b0dab98ec458968c05ddc6b803ccc12b
17367423,2025,Problem with a company's investigation into an existing problem,19179791d9c9cdf8a802c91cc385605545b553ae6eb9316d2abb70a5cb1c7cf0
17366435,2025,Getting a credit card,a1e5993595579876fcf23f4c5a8969fa0cee3f9d27499bae2bf287c6d4466fb0
17363941,2025,Getting a credit card,a1e5993595579876fcf23f4c5a8969fa0cee3f9d27499bae2bf287c6d4466fb0
17363579,2025,Getting a credit card,a1e5993595579876fcf23f4c5a8969fa0cee3f9d27499bae2bf287c6d4466fb0
17353802,2025,Getting a credit card,a1e5993595579876fcf23f4c5a8969fa0cee3f9d27499bae2bf287c6d4466fb0
17361684,2025,Getting a credit card,b78e8ad109547941c95d7c463e8e3507b0dab98ec458968c05ddc6b803ccc12b
17359391,2025,Getting a credit card,b78e8ad109547941c95d7c463e8e3507b0dab98ec458968c05ddc6b803ccc12b
17357795,2025,Getting a credit card,b78e8ad109547941c95d7c463e8e3507b0dab98ec458968c05ddc6b803ccc12b
17425730,2025,Getting a credit card,a1e5993595579876fcf23f4c5a8969fa0cee3f9d27499bae2bf287c6d4466fb0
17426336,2025,Getting a credit card,b78e8ad109547941c95d7c463e8e3507b0dab98ec458968c05ddc6b803ccc12b
17425364,2025,Getting a credit card,b78e8ad109547941c95d7c463e8e3507b0dab98ec458968c05ddc6b803ccc12b
17490615,2025,Getting a credit card,b78e8ad109547941c95d7c463e8e3507b0dab98ec458968c05ddc6b803ccc12b
17490257,2025,Getting a credit card,b78e8ad109547941c95d7c463e8e3507b0dab98ec458968c05ddc6b803ccc12b
17515901,2025,Getting a credit card,b78e8ad109547941c95d7c463e8e3507b0dab98ec458968c05ddc6b803ccc12b
17530163,2025,Getting a credit card,b78e8ad109547941c95d7c463e8e3507b0dab98ec458968c05ddc6b803ccc12b
17529061,2025,Getting a credit card,b78e8ad109547941c95d7c463e8e3507b0dab98ec458968c05ddc6b803ccc12b
17890737,2025,Getting a credit card,2bd382319b3aa41d55f0e23088bce007923dd6c9d285c8b2ecb309213b127227
17526794,2025,Getting a credit card,b78e8ad109547941c95d7c463e8e3507b0dab98ec458968c05ddc6b803ccc12b
17890622,2025,Getting a credit card,2bd382319b3aa41d55f0e23088bce007923dd6c9d285c8b2ecb309213b127227
17582873,2025,Problem with a company's investigation into an existing problem,71c5f0c79428ebf6e28c7c0472071cf3561176b4dd949a55ef90f4a52b0dca0f
17938262,2025,Closing your account,907f6139f0e8247928b8a941ae8db6bcb156772b7315838eccdf2c771d50e46b
17962020,2025,Closing your account,6ea65563134844e75368b1aedcf69786362a83b88fdadd1650414483d45328a6
17567309,2025,Problem with a company's investigation into an existing problem,19179791d9c9cdf8a802c91cc385605545b553ae6eb9316d2abb70a5cb1c7cf0
17658777,2025,Getting a credit card,b78e8ad109547941c95d7c463e8e3507b0dab98ec458968c05ddc6b803ccc12b
18049347,2025,Getting a credit card,b78e8ad109547941c95d7c463e8e3507b0dab98ec458968c05ddc6b803ccc12b
17657676,2025,Getting a credit card,b78e8ad109547941c95d7c463e8e3507b0dab98ec458968c05ddc6b803ccc12b
17658727,2025,Getting a credit card,b78e8ad109547941c95d7c463e8e3507b0dab98ec458968c05ddc6b803ccc12b
17658824,2025,Getting a credit card,b78e8ad109547941c95d7c463e8e3507b0dab98ec458968c05ddc6b803ccc12b
17657776,2025,Getting a credit card,a1e5993595579876fcf23f4c5a8969fa0cee3f9d27499bae2bf287c6d4466fb0
17657499,2025,Getting a credit card,b78e8ad109547941c95d7c463e8e3507b0dab98ec458968c05ddc6b803ccc12b
17657301,2025,Getting a credit card,b78e8ad109547941c95d7c463e8e3507b0dab98ec458968c05ddc6b803ccc12b
17652378,2025,Getting a credit card,b78e8ad109547941c95d7c463e8e3507b0dab98ec458968c05ddc6b803ccc12b
17649865,2025,Getting a credit card,a1e5993595579876fcf23f4c5a8969fa0cee3f9d27499bae2bf287c6d4466fb0
17888527,2025,Closing your account,907f6139f0e8247928b8a941ae8db6bcb156772b7315838eccdf2c771d50e46b
17898009,2025,Problem with a company's investigation into an existing problem,a67f4fe82b49bd9795872ba1f6e5918f21e71e16dc12e2cf8f2b2ee84b27037a
18047383,2025,Getting a credit card,a1e5993595579876fcf23f4c5a8969fa0cee3f9d27499bae2bf287c6d4466fb0
18046384,2025,Getting a credit card,b78e8ad109547941c95d7c463e8e3507b0dab98ec458968c05ddc6b803ccc12b
18047695,2025,Problem with a company's investigation into an existing problem,a67f4fe82b49bd9795872ba1f6e5918f21e71e16dc12e2cf8f2b2ee84b27037a
18047618,2025,Getting a credit card,a1e5993595579876fcf23f4c5a8969fa0cee3f9d27499bae2bf287c6d4466fb0
18047489,2025,Getting a credit card,b78e8ad109547941c95d7c463e8e3507b0dab98ec458968c05ddc6b803ccc12b
18046598,2025,Getting a credit card,a1e5993595579876fcf23f4c5a8969fa0cee3f9d27499bae2bf287c6d4466fb0
18083359,2025,Closing your account,6ea65563134844e75368b1aedcf69786362a83b88fdadd1650414483d45328a6
18147780,2025,Getting a credit card,b78e8ad109547941c95d7c463e8e3507b0dab98ec458968c05ddc6b803ccc12b
18148043,2025,Getting a credit card,b78e8ad109547941c95d7c463e8e3507b0dab98ec458968c05ddc6b803ccc12b
18148183,2025,Getting a credit card,b78e8ad109547941c95d7c463e8e3507b0dab98ec458968c05ddc6b803ccc12b
18206553,2025,"Other features, terms, or problems",e135bcd637498c238339a32c5c51ac70a4a948266dc6e2b6aeb7e70feb0f6802
18206642,2025,"Other features, terms, or problems",e135bcd637498c238339a32c5c51ac70a4a948266dc6e2b6aeb7e70feb0f6802
18233736,2025,Incorrect information on your report,1ed29eaf069cca74601e4d3e278d6944f04a19d4760efc8eed56a7004dbc003d
18242468,2025,Incorrect information on your report,079ee545e451d5020cac7b73dee83492c9dcc2de30daf779886faa04762e42fb
18242486,2025,Incorrect information on your report,079ee545e451d5020cac7b73dee83492c9dcc2de30daf779886faa04762e42fb
18242435,2025,Incorrect information on your report,079ee545e451d5020cac7b73dee83492c9dcc2de30daf779886faa04762e42fb
18254824,2025,Getting a credit card,b78e8ad109547941c95d7c463e8e3507b0dab98ec458968c05ddc6b803ccc12b
18253623,2025,Getting a credit card,b78e8ad109547941c95d7c463e8e3507b0dab98ec458968c05ddc6b803ccc12b
18254750,2025,Getting a credit card,b78e8ad109547941c95d7c463e8e3507b0dab98ec458968c05ddc6b803ccc12b
18261518,2025,Incorrect information on your report,9b9ceeb9df307c510dc1a5889e6a905aa76c17d8d411e6c69ce559083b360e60
18263746,2025,Incorrect information on your report,9b9ceeb9df307c510dc1a5889e6a905aa76c17d8d411e6c69ce559083b360e60
18277999,2025,Incorrect information on your report,753321c0ef5c870f0709fb8032648938ea65d415a6436d4a34cbeff1a6f4e135
18278123,2025,Incorrect information on your report,753321c0ef5c870f0709fb8032648938ea65d415a6436d4a34cbeff1a6f4e135
18278076,2025,Incorrect information on your report,753321c0ef5c870f0709fb8032648938ea65d415a6436d4a34cbeff1a6f4e135
18293869,2025,Incorrect information on your report,fd12727d3838f6b12ce7978d887e9a6fbb48e110df6b398e804c7934a32930d3
18295086,2025,Incorrect information on your report,d77f81fb15e63dac837168f142a4031babf9a6e991b25de1f2b3f0352c0ee322
18293827,2025,Incorrect information on your report,fd12727d3838f6b12ce7978d887e9a6fbb48e110df6b398e804c7934a32930d3
18293914,2025,Incorrect information on your report,fd12727d3838f6b12ce7978d887e9a6fbb48e110df6b398e804c7934a32930d3
18295630,2025,Incorrect information on your report,1baf068872ff612fa50618525b37fa5546c1c6c665f67bac11661b5d6441f493
18295037,2025,Incorrect information on your report,d77f81fb15e63dac837168f142a4031babf9a6e991b25de1f2b3f0352c0ee322
18295727,2025,Incorrect information on your report,1baf068872ff612fa50618525b37fa5546c1c6c665f67bac11661b5d6441f493
18294987,2025,Incorrect information on your report,d77f81fb15e63dac837168f142a4031babf9a6e991b25de1f2b3f0352c0ee322
18295789,2025,Incorrect information on your report,1baf068872ff612fa50618525b37fa5546c1c6c665f67bac11661b5d6441f493
18349479,2025,Problem with a company's investigation into an existing problem,a67f4fe82b49bd9795872ba1f6e5918f21e71e16dc12e2cf8f2b2ee84b27037a
18380494,2025,Problem with a company's investigation into an existing problem,a67f4fe82b49bd9795872ba1f6e5918f21e71e16dc12e2cf8f2b2ee84b27037a
18388469,2025,Getting a credit card,0df5641cfd405e0fd4a2691a8e04f212a8c59cdc305c517a496b77eadde19553
18388923,2025,Incorrect information on your report,22d4afaf980572c08d3f36fe0bbd0138470845fad5130e792ad10916ac5f6e31
18388352,2025,Incorrect information on your report,22d4afaf980572c08d3f36fe0bbd0138470845fad5130e792ad10916ac5f6e31
18388631,2025,Incorrect information on your report,22d4afaf980572c08d3f36fe0bbd0138470845fad5130e792ad10916ac5f6e31
18389966,2025,Getting a credit card,0df5641cfd405e0fd4a2691a8e04f212a8c59cdc305c517a496b77eadde19553
10647454,2024,Incorrect information on your report,0cad316c538f8cdad135245e785e35f6d7f4aa339e98ef66b8ce9588c940c736
10647453,2024,Incorrect information on your report,0cad316c538f8cdad135245e785e35f6d7f4aa339e98ef66b8ce9588c940c736
10665059,2024,"Other features, terms, or problems",f600daca7e7c3deee0a60485c15ec72b6e29b1126f51fc731982646e7dc90fa7
10665064,2024,"Other features, terms, or problems",f600daca7e7c3deee0a60485c15ec72b6e29b1126f51fc731982646e7dc90fa7
10666269,2024,Getting a credit card,a358d58358aa5b57ba437be211029b49865e6eaa7b0b3e8e39fd831c3e2198cf
10666273,2024,Getting a credit card,a358d58358aa5b57ba437be211029b49865e6eaa7b0b3e8e39fd831c3e2198cf
10686098,2024,Closing your account,caa6ce3e8c5f7f914507f1eea0265ed76500a89f190047b56cb4bc43260b1898
10686097,2024,Closing your account,caa6ce3e8c5f7f914507f1eea0265ed76500a89f190047b56cb4bc43260b1898
10686593,2024,Closing your account,caa6ce3e8c5f7f914507f1eea0265ed76500a89f190047b56cb4bc43260b1898
10683511,2024,Closing your account,caa6ce3e8c5f7f914507f1eea0265ed76500a89f190047b56cb4bc43260b1898
10682858,2024,Closing your account,caa6ce3e8c5f7f914507f1eea0265ed76500a89f190047b56cb4bc43260b1898
10684352,2024,Getting a credit card,7cd640f7f5a0faf8fecb920d63949fd4e4524033e429ead67469b072b915cd26
10684633,2024,Getting a credit card,7cd640f7f5a0faf8fecb920d63949fd4e4524033e429ead67469b072b915cd26
10691374,2024,Problem with a company's investigation into an existing problem,0cad316c538f8cdad135245e785e35f6d7f4aa339e98ef66b8ce9588c940c736
10693411,2024,Problem with a company's investigation into an existing problem,0cad316c538f8cdad135245e785e35f6d7f4aa339e98ef66b8ce9588c940c736
10695153,2024,Getting a credit card,b78e8ad109547941c95d7c463e8e3507b0dab98ec458968c05ddc6b803ccc12b
10688017,2024,Getting a credit card,b78e8ad109547941c95d7c463e8e3507b0dab98ec458968c05ddc6b803ccc12b
10687510,2024,Getting a credit card,b78e8ad109547941c95d7c463e8e3507b0dab98ec458968c05ddc6b803ccc12b
10700426,2024,Problem with a company's investigation into an existing problem,31e0c1e298454de6ad1de9374e61c1ea000faf86c3f6f1ba2154860a1d3b3e62
10697299,2024,Incorrect information on your report,31e0c1e298454de6ad1de9374e61c1ea000faf86c3f6f1ba2154860a1d3b3e62
10736957,2024,Getting a credit card,b78e8ad109547941c95d7c463e8e3507b0dab98ec458968c05ddc6b803ccc12b
10735289,2024,Getting a credit card,b78e8ad109547941c95d7c463e8e3507b0dab98ec458968c05ddc6b803ccc12b
10732384,2024,Problem with a company's investigation into an existing problem,be8f3376c5cd3a87b8f3d08449795bf1fc4e7fca28dd75b587fca2612702832b
10741854,2024,Getting a credit card,b78e8ad109547941c95d7c463e8e3507b0dab98ec458968c05ddc6b803ccc12b
10741878,2024,Getting a credit card,b78e8ad109547941c95d7c463e8e3507b0dab98ec458968c05ddc6b803ccc12b
10748073,2024,Fees or interest,fa970024d6d4308702787d6c6ad29a7ac9596b1454d458f69da4cb948e17194b
10748462,2024,Fees or interest,fa970024d6d4308702787d6c6ad29a7ac9596b1454d458f69da4cb948e17194b
10748267,2024,Fees or interest,fa970024d6d4308702787d6c6ad29a7ac9596b1454d458f69da4cb948e17194b
10748266,2024,Fees or interest,fa970024d6d4308702787d6c6ad29a7ac9596b1454d458f69da4cb948e17194b
10748023,2024,Fees or interest,fa970024d6d4308702787d6c6ad29a7ac9596b1454d458f69da4cb948e17194b
10747998,2024,Fees or interest,fa970024d6d4308702787d6c6ad29a7ac9596b1454d458f69da4cb948e17194b
10754737,2024,Struggling to pay your bill,2edbf6f3626e878e006e7e883c02b34d1ff176edc734ae7b9e9d352b10cf3fdd
10754783,2024,Struggling to pay your bill,2edbf6f3626e878e006e7e883c02b34d1ff176edc734ae7b9e9d352b10cf3fdd
10754761,2024,Struggling to pay your bill,2edbf6f3626e878e006e7e883c02b34d1ff176edc734ae7b9e9d352b10cf3fdd
10754656,2024,Struggling to pay your bill,2edbf6f3626e878e006e7e883c02b34d1ff176edc734ae7b9e9d352b10cf3fdd
10765040,2024,Problem with a company's investigation into an existing problem,0ebe0909b3a82eb71a4cadcd4b50b0424b12a6102069453609be6246d0746a56
10791435,2024,Problem with a company's investigation into an existing problem,0cad316c538f8cdad135245e785e35f6d7f4aa339e98ef66b8ce9588c940c736
10791959,2024,Problem with a company's investigation into an existing problem,0cad316c538f8cdad135245e785e35f6d7f4aa339e98ef66b8ce9588c940c736
10779503,2024,Problem with a company's investigation into an existing problem,0cad316c538f8cdad135245e785e35f6d7f4aa339e98ef66b8ce9588c940c736
10778845,2024,Getting a credit card,b78e8ad109547941c95d7c463e8e3507b0dab98ec458968c05ddc6b803ccc12b
10778861,2024,Getting a credit card,b78e8ad109547941c95d7c463e8e3507b0dab98ec458968c05ddc6b803ccc12b
10801760,2024,Problem with a company's investigation into an existing problem,0cad316c538f8cdad135245e785e35f6d7f4aa339e98ef66b8ce9588c940c736
10806213,2024,Problem with a company's investigation into an existing problem,0cad316c538f8cdad135245e785e35f6d7f4aa339e98ef66b8ce9588c940c736
10795457,2024,Problem with a company's investigation into an existing problem,0ebe0909b3a82eb71a4cadcd4b50b0424b12a6102069453609be6246d0746a56
10796728,2024,Problem with a company's investigation into an existing problem,be8f3376c5cd3a87b8f3d08449795bf1fc4e7fca28dd75b587fca2612702832b
10796564,2024,Problem with a company's investigation into an existing problem,0cad316c538f8cdad135245e785e35f6d7f4aa339e98ef66b8ce9588c940c736
10812695,2024,Problem with a company's investigation into an existing problem,0cad316c538f8cdad135245e785e35f6d7f4aa339e98ef66b8ce9588c940c736
10811900,2024,Problem with a company's investigation into an existing problem,0cad316c538f8cdad135245e785e35f6d7f4aa339e98ef66b8ce9588c940c736
10813853,2024,Problem with a company's investigation into an existing problem,0cad316c538f8cdad135245e785e35f6d7f4aa339e98ef66b8ce9588c940c736
10811671,2024,Problem with a company's investigation into an existing problem,0cad316c538f8cdad135245e785e35f6d7f4aa339e98ef66b8ce9588c940c736
10811006,2024,Problem with a company's investigation into an existing problem,0cad316c538f8cdad135245e785e35f6d7f4aa339e98ef66b8ce9588c940c736
10833490,2024,Problem with a company's investigation into an existing problem,0ebe0909b3a82eb71a4cadcd4b50b0424b12a6102069453609be6246d0746a56
10874232,2024,Problem with a company's investigation into an existing problem,be8f3376c5cd3a87b8f3d08449795bf1fc4e7fca28dd75b587fca2612702832b
10820823,2024,Getting a credit card,cdf046cb378c7ee6ad70f933c36ca49be92aa692dda9ce1b6c656e0a48d88b0c
10820756,2024,Getting a credit card,cdf046cb378c7ee6ad70f933c36ca49be92aa692dda9ce1b6c656e0a48d88b0c
10826936,2024,Incorrect information on your report,caeeca116cbd3c443ce299d0ab85a1e2c0b6e9cbdfd5d3c7db6934ae2baa3699
10827035,2024,Incorrect information on your report,caeeca116cbd3c443ce299d0ab85a1e2c0b6e9cbdfd5d3c7db6934ae2baa3699
10827880,2024,Getting a credit card,b78e8ad109547941c95d7c463e8e3507b0dab98ec458968c05ddc6b803ccc12b
10829203,2024,Getting a credit card,b78e8ad109547941c95d7c463e8e3507b0dab98ec458968c05ddc6b803ccc12b
10827869,2024,Getting a credit card,b78e8ad109547941c95d7c463e8e3507b0dab98ec458968c05ddc6b803ccc12b
10831507,2024,Getting a credit card,b78e8ad109547941c95d7c463e8e3507b0dab98ec458968c05ddc6b803ccc12b
10831149,2024,Getting a credit card,b78e8ad109547941c95d7c463e8e3507b0dab98ec458968c05ddc6b803ccc12b
10830796,2024,Getting a credit card,b78e8ad109547941c95d7c463e8e3507b0dab98ec458968c05ddc6b803ccc12b
10874260,2024,Problem with a company's investigation into an existing problem,be8f3376c5cd3a87b8f3d08449795bf1fc4e7fca28dd75b587fca2612702832b
10872809,2024,Problem with a company's investigation into an existing problem,0cad316c538f8cdad135245e785e35f6d7f4aa339e98ef66b8ce9588c940c736
10871064,2024,Problem with a company's investigation into an existing problem,0cad316c538f8cdad135245e785e35f6d7f4aa339e98ef66b8ce9588c940c736
10872091,2024,Problem with a company's investigation into an existing problem,0cad316c538f8cdad135245e785e35f6d7f4aa339e98ef66b8ce9588c940c736
10870978,2024,Problem with a company's investigation into an existing problem,0cad316c538f8cdad135245e785e35f6d7f4aa339e98ef66b8ce9588c940c736
10870823,2024,Problem with a company's investigation into an existing problem,0cad316c538f8cdad135245e785e35f6d7f4aa339e98ef66b8ce9588c940c736
10849106,2024,Problem with a company's investigation into an existing problem,0cad316c538f8cdad135245e785e35f6d7f4aa339e98ef66b8ce9588c940c736
10849168,2024,Problem with a company's investigation into an existing problem,0cad316c538f8cdad135245e785e35f6d7f4aa339e98ef66b8ce9588c940c736
10849239,2024,Problem with a company's investigation into an existing problem,0cad316c538f8cdad135245e785e35f6d7f4aa339e98ef66b8ce9588c940c736
10847580,2024,Problem with a company's investigation into an existing problem,0cad316c538f8cdad135245e785e35f6d7f4aa339e98ef66b8ce9588c940c736
10847436,2024,Problem with a company's investigation into an existing problem,0cad316c538f8cdad135245e785e35f6d7f4aa339e98ef66b8ce9588c940c736
10846764,2024,Problem with a company's investigation into an existing problem,0cad316c538f8cdad135245e785e35f6d7f4aa339e98ef66b8ce9588c940c736
10840219,2024,Problem with a company's investigation into an existing problem,0cad316c538f8cdad135245e785e35f6d7f4aa339e98ef66b8ce9588c940c736
10859862,2024,Problem with a company's investigation into an existing problem,0cad316c538f8cdad135245e785e35f6d7f4aa339e98ef66b8ce9588c940c736
10877604,2024,Problem with a purchase shown on your statement,301ff33b30157a773a088f82b03c08700600d560448cdbb8fa46a983d11ec752
10876719,2024,Problem with a company's investigation into an existing problem,0cad316c538f8cdad135245e785e35f6d7f4aa339e98ef66b8ce9588c940c736
10876380,2024,Problem with a purchase shown on your statement,301ff33b30157a773a088f82b03c08700600d560448cdbb8fa46a983d11ec752
10876353,2024,Problem with a company's investigation into an existing problem,0cad316c538f8cdad135245e785e35f6d7f4aa339e98ef66b8ce9588c940c736
10876558,2024,Problem with a company's investigation into an existing problem,0cad316c538f8cdad135245e785e35f6d7f4aa339e98ef66b8ce9588c940c736
10861882,2024,Problem with a company's investigation into an existing problem,0cad316c538f8cdad135245e785e35f6d7f4aa339e98ef66b8ce9588c940c736
10859382,2024,Problem with a company's investigation into an existing problem,0cad316c538f8cdad135245e785e35f6d7f4aa339e98ef66b8ce9588c940c736
10856511,2024,Problem with a company's investigation into an existing problem,0cad316c538f8cdad135245e785e35f6d7f4aa339e98ef66b8ce9588c940c736
10858658,2024,Getting a credit card,b78e8ad109547941c95d7c463e8e3507b0dab98ec458968c05ddc6b803ccc12b
10855806,2024,Getting a credit card,b78e8ad109547941c95d7c463e8e3507b0dab98ec458968c05ddc6b803ccc12b
10855409,2024,Getting a credit card,b78e8ad109547941c95d7c463e8e3507b0dab98ec458968c05ddc6b803ccc12b
10853287,2024,Getting a credit card,b78e8ad109547941c95d7c463e8e3507b0dab98ec458968c05ddc6b803ccc12b
10853873,2024,Getting a credit card,b78e8ad109547941c95d7c463e8e3507b0dab98ec458968c05ddc6b803ccc12b
10849432,2024,Problem with a company's investigation into an existing problem,0cad316c538f8cdad135245e785e35f6d7f4aa339e98ef66b8ce9588c940c736
10848936,2024,Problem with a company's investigation into an existing problem,0cad316c538f8cdad135245e785e35f6d7f4aa339e98ef66b8ce9588c940c736
10846323,2024,Problem with a company's investigation into an existing problem,0cad316c538f8cdad135245e785e35f6d7f4aa339e98ef66b8ce9588c940c736
10890339,2024,Problem with a company's investigation into an existing problem,0cad316c538f8cdad135245e785e35f6d7f4aa339e98ef66b8ce9588c940c736
10852185,2024,Problem with a company's investigation into an existing problem,0cad316c538f8cdad135245e785e35f6d7f4aa339e98ef66b8ce9588c940c736
10867441,2024,Problem with a company's investigation into an existing problem,0cad316c538f8cdad135245e785e35f6d7f4aa339e98ef66b8ce9588c940c736
10863571,2024,Problem with a company's investigation into an existing problem,0cad316c538f8cdad135245e785e35f6d7f4aa339e98ef66b8ce9588c940c736
10880020,2024,Problem with a company's investigation into an existing problem,0cad316c538f8cdad135245e785e35f6d7f4aa339e98ef66b8ce9588c940c736
10880102,2024,Problem with a company's investigation into an existing problem,0cad316c538f8cdad135245e785e35f6d7f4aa339e98ef66b8ce9588c940c736
10879550,2024,Problem with a company's investigation into an existing problem,0cad316c538f8cdad135245e785e35f6d7f4aa339e98ef66b8ce9588c940c736
10892363,2024,Problem with a company's investigation into an existing problem,0cad316c538f8cdad135245e785e35f6d7f4aa339e98ef66b8ce9588c940c736
10892337,2024,Problem with a company's investigation into an existing problem,0cad316c538f8cdad135245e785e35f6d7f4aa339e98ef66b8ce9588c940c736
10892232,2024,Problem with a company's investigation into an existing problem,0cad316c538f8cdad135245e785e35f6d7f4aa339e98ef66b8ce9588c940c736
10891950,2024,Problem with a company's investigation into an existing problem,0cad316c538f8cdad135245e785e35f6d7f4aa339e98ef66b8ce9588c940c736
10893023,2024,Problem with a company's investigation into an existing problem,0cad316c538f8cdad135245e785e35f6d7f4aa339e98ef66b8ce9588c940c736
10915224,2024,Getting a credit card,b78e8ad109547941c95d7c463e8e3507b0dab98ec458968c05ddc6b803ccc12b
10906661,2024,Getting a credit card,b78e8ad109547941c95d7c463e8e3507b0dab98ec458968c05ddc6b803ccc12b
10906619,2024,Getting a credit card,b78e8ad109547941c95d7c463e8e3507b0dab98ec458968c05ddc6b803ccc12b
10906213,2024,Getting a credit card,b78e8ad109547941c95d7c463e8e3507b0dab98ec458968c05ddc6b803ccc12b
10914364,2024,Getting a credit card,b78e8ad109547941c95d7c463e8e3507b0dab98ec458968c05ddc6b803ccc12b
10906390,2024,Getting a credit card,b78e8ad109547941c95d7c463e8e3507b0dab98ec458968c05ddc6b803ccc12b
10929073,2024,Problem with a company's investigation into an existing problem,0cad316c538f8cdad135245e785e35f6d7f4aa339e98ef66b8ce9588c940c736
10916168,2024,Problem with a company's investigation into an existing problem,0cad316c538f8cdad135245e785e35f6d7f4aa339e98ef66b8ce9588c940c736
10925378,2024,Problem with a company's investigation into an existing problem,0cad316c538f8cdad135245e785e35f6d7f4aa339e98ef66b8ce9588c940c736
10928554,2024,Problem with a company's investigation into an existing problem,0cad316c538f8cdad135245e785e35f6d7f4aa339e98ef66b8ce9588c940c736
10917328,2024,Problem with a company's investigation into an existing problem,0cad316c538f8cdad135245e785e35f6d7f4aa339e98ef66b8ce9588c940c736
10926493,2024,Incorrect information on your report,0cad316c538f8cdad135245e785e35f6d7f4aa339e98ef66b8ce9588c940c736
10916571,2024,Incorrect information on your report,0cad316c538f8cdad135245e785e35f6d7f4aa339e98ef66b8ce9588c940c736
10926922,2024,Problem with a company's investigation into an existing problem,0cad316c538f8cdad135245e785e35f6d7f4aa339e98ef66b8ce9588c940c736
10925964,2024,Problem with a company's investigation into an existing problem,0cad316c538f8cdad135245e785e35f6d7f4aa339e98ef66b8ce9588c940c736
10925570,2024,Problem with a company's investigation into an existing problem,0cad316c538f8cdad135245e785e35f6d7f4aa339e98ef66b8ce9588c940c736
10933224,2024,Problem with a company's investigation into an existing problem,0cad316c538f8cdad135245e785e35f6d7f4aa339e98ef66b8ce9588c940c736
10943520,2024,Problem with a company's investigation into an existing problem,0cad316c538f8cdad135245e785e35f6d7f4aa339e98ef66b8ce9588c940c736
10941530,2024,Getting a credit card,b78e8ad109547941c95d7c463e8e3507b0dab98ec458968c05ddc6b803ccc12b
10941322,2024,Getting a credit card,b78e8ad109547941c95d7c463e8e3507b0dab98ec458968c05ddc6b803ccc12b
10941349,2024,Problem with a company's investigation into an existing problem,0cad316c538f8cdad135245e785e35f6d7f4aa339e98ef66b8ce9588c940c736
10940991,2024,Getting a credit card,b78e8ad109547941c95d7c463e8e3507b0dab98ec458968c05ddc6b803ccc12b
10940989,2024,Problem with a company's investigation into an existing problem,0cad316c538f8cdad135245e785e35f6d7f4aa339e98ef66b8ce9588c940c736
10937579,2024,Problem with a company's investigation into an existing problem,0cad316c538f8cdad135245e785e35f6d7f4aa339e98ef66b8ce9588c940c736
10937002,2024,Getting a credit card,b78e8ad109547941c95d7c463e8e3507b0dab98ec458968c05ddc6b803ccc12b
10935913,2024,Getting a credit card,b78e8ad109547941c95d7c463e8e3507b0dab98ec458968c05ddc6b803ccc12b
10935466,2024,Getting a credit card,b78e8ad109547941c95d7c463e8e3507b0dab98ec458968c05ddc6b803ccc12b
10951523,2024,Problem with a company's investigation into an existing problem,0cad316c538f8cdad135245e785e35f6d7f4aa339e98ef66b8ce9588c940c736
10951393,2024,Problem with a company's investigation into an existing problem,0cad316c538f8cdad135245e785e35f6d7f4aa339e98ef66b8ce9588c940c736
10950793,2024,Problem with a company's investigation into an existing problem,0cad316c538f8cdad135245e785e35f6d7f4aa339e98ef66b8ce9588c940c736
10950263,2024,Problem with a company's investigation into an existing problem,0cad316c538f8cdad135245e785e35f6d7f4aa339e98ef66b8ce9588c940c736
10950165,2024,Problem with a company's investigation into an existing problem,0cad316c538f8cdad135245e785e35f6d7f4aa339e98ef66b8ce9588c940c736
10950605,2024,Problem with a company's investigation into an existing problem,0cad316c538f8cdad135245e785e35f6d7f4aa339e98ef66b8ce9588c940c736
10945674,2024,Problem with a company's investigation into an existing problem,0cad316c538f8cdad135245e785e35f6d7f4aa339e98ef66b8ce9588c940c736
10949317,2024,Problem with a company's investigation into an existing problem,0cad316c538f8cdad135245e785e35f6d7f4aa339e98ef66b8ce9588c940c736
10949773,2024,Problem with a company's investigation into an existing problem,0cad316c538f8cdad135245e785e35f6d7f4aa339e98ef66b8ce9588c940c736
10949142,2024,Problem with a company's investigation into an existing problem,0cad316c538f8cdad135245e785e35f6d7f4aa339e98ef66b8ce9588c940c736
10948665,2024,Problem with a company's investigation into an existing problem,0cad316c538f8cdad135245e785e35f6d7f4aa339e98ef66b8ce9588c940c736
10949521,2024,Problem with a company's investigation into an existing problem,0ebe0909b3a82eb71a4cadcd4b50b0424b12a6102069453609be6246d0746a56
10945320,2024,Problem with a company's investigation into an existing problem,0ebe0909b3a82eb71a4cadcd4b50b0424b12a6102069453609be6246d0746a56
10948200,2024,Problem with a company's investigation into an existing problem,0ebe0909b3a82eb71a4cadcd4b50b0424b12a6102069453609be6246d0746a56
10964397,2024,Fees or interest,174cec32d7eeb335eec89a49eb3f5836c6ed36344ebc621d1d43bb281135389d
10954711,2024,Fees or interest,174cec32d7eeb335eec89a49eb3f5836c6ed36344ebc621d1d43bb281135389d
10968828,2024,Problem with a company's investigation into an existing problem,0cad316c538f8cdad135245e785e35f6d7f4aa339e98ef66b8ce9588c940c736
10969051,2024,Problem with a company's investigation into an existing problem,0cad316c538f8cdad135245e785e35f6d7f4aa339e98ef66b8ce9588c940c736
10968967,2024,Problem with a company's investigation into an existing problem,0cad316c538f8cdad135245e785e35f6d7f4aa339e98ef66b8ce9588c940c736
10977303,2024,Problem with a company's investigation into an existing problem,0cad316c538f8cdad135245e785e35f6d7f4aa339e98ef66b8ce9588c940c736
10977278,2024,Problem with a company's investigation into an existing problem,0cad316c538f8cdad135245e785e35f6d7f4aa339e98ef66b8ce9588c940c736
10978577,2024,Problem with a company's investigation into an existing problem,0cad316c538f8cdad135245e785e35f6d7f4aa339e98ef66b8ce9588c940c736
10968033,2024,Incorrect information on your report,0cad316c538f8cdad135245e785e35f6d7f4aa339e98ef66b8ce9588c940c736
10978506,2024,Problem with a company's investigation into an existing problem,0cad316c538f8cdad135245e785e35f6d7f4aa339e98ef66b8ce9588c940c736
10967069,2024,Problem with a company's investigation into an existing problem,0cad316c538f8cdad135245e785e35f6d7f4aa339e98ef66b8ce9588c940c736
10967747,2024,Problem with a company's investigation into an existing problem,0cad316c538f8cdad135245e785e35f6d7f4aa339e98ef66b8ce9588c940c736
10967706,2024,Problem with a company's investigation into an existing problem,0cad316c538f8cdad135245e785e35f6d7f4aa339e98ef66b8ce9588c940c736
10977382,2024,Problem with a company's investigation into an existing problem,0cad316c538f8cdad135245e785e35f6d7f4aa339e98ef66b8ce9588c940c736
10979241,2024,Problem with a company's investigation into an existing problem,dc529ee9fd307109d907f924dbe2b014dd6ca2186e380f02031edc3e290e980d
10980958,2024,Problem with a company's investigation into an existing problem,dc529ee9fd307109d907f924dbe2b014dd6ca2186e380f02031edc3e290e980d
10981266,2024,Getting a credit card,5780443934a352cde7f8c22b9518c66493af84b3de09361b8e15bef88fe10fd1
10981203,2024,Getting a credit card,5780443934a352cde7f8c22b9518c66493af84b3de09361b8e15bef88fe10fd1
10987735,2024,Getting a credit card,b78e8ad109547941c95d7c463e8e3507b0dab98ec458968c05ddc6b803ccc12b
10985376,2024,Getting a credit card,b78e8ad109547941c95d7c463e8e3507b0dab98ec458968c05ddc6b803ccc12b
10987661,2024,Getting a credit card,b78e8ad109547941c95d7c463e8e3507b0dab98ec458968c05ddc6b803ccc12b
10999187,2024,Problem with a company's investigation into an existing problem,0cad316c538f8cdad135245e785e35f6d7f4aa339e98ef66b8ce9588c940c736
10996011,2024,Problem with a company's investigation into an existing problem,0cad316c538f8cdad135245e785e35f6d7f4aa339e98ef66b8ce9588c940c736
10991804,2024,Problem with a company's investigation into an existing problem,fc8f4fd41d24ec544875489bb128a5109268af15abad216ca63847023594d84a
10992292,2024,Problem with a company's investigation into an existing problem,0cad316c538f8cdad135245e785e35f6d7f4aa339e98ef66b8ce9588c940c736
11001257,2024,Problem with a company's investigation into an existing problem,0ebe0909b3a82eb71a4cadcd4b50b0424b12a6102069453609be6246d0746a56
10999328,2024,Problem with a company's investigation into an existing problem,0cad316c538f8cdad135245e785e35f6d7f4aa339e98ef66b8ce9588c940c736
11003726,2024,Problem with a company's investigation into an existing problem,0cad316c538f8cdad135245e785e35f6d7f4aa339e98ef66b8ce9588c940c736
11010318,2024,Problem with a company's investigation into an existing problem,0cad316c538f8cdad135245e785e35f6d7f4aa339e98ef66b8ce9588c940c736
11011185,2024,Problem with a company's investigation into an existing problem,0cad316c538f8cdad135245e785e35f6d7f4aa339e98ef66b8ce9588c940c736
11004861,2024,Problem with a company's investigation into an existing problem,0cad316c538f8cdad135245e785e35f6d7f4aa339e98ef66b8ce9588c940c736
11008331,2024,Problem with a company's investigation into an existing problem,0cad316c538f8cdad135245e785e35f6d7f4aa339e98ef66b8ce9588c940c736
11005899,2024,Problem with a company's investigation into an existing problem,be8f3376c5cd3a87b8f3d08449795bf1fc4e7fca28dd75b587fca2612702832b
11004783,2024,Problem with a company's investigation into an existing problem,0ebe0909b3a82eb71a4cadcd4b50b0424b12a6102069453609be6246d0746a56
11004779,2024,Problem with a company's investigation into an existing problem,0cad316c538f8cdad135245e785e35f6d7f4aa339e98ef66b8ce9588c940c736
11023208,2024,Problem with a company's investigation into an existing problem,0cad316c538f8cdad135245e785e35f6d7f4aa339e98ef66b8ce9588c940c736
11031332,2024,Problem with a company's investigation into an existing problem,0cad316c538f8cdad135245e785e35f6d7f4aa339e98ef66b8ce9588c940c736
11028411,2024,Problem with a company's investigation into an existing problem,0cad316c538f8cdad135245e785e35f6d7f4aa339e98ef66b8ce9588c940c736
11027831,2024,Getting a credit card,985625d9452db25471d4073c36be752e029c7e52f87b165356e0b3fad23ee7fc
11029231,2024,Getting a credit card,985625d9452db25471d4073c36be752e029c7e52f87b165356e0b3fad23ee7fc
11043378,2024,Problem with a company's investigation into an existing problem,0cad316c538f8cdad135245e785e35f6d7f4aa339e98ef66b8ce9588c940c736
11043308,2024,Problem with a company's investigation into an existing problem,0cad316c538f8cdad135245e785e35f6d7f4aa339e98ef66b8ce9588c940c736
11038700,2024,Problem with a company's investigation into an existing problem,0cad316c538f8cdad135245e785e35f6d7f4aa339e98ef66b8ce9588c940c736
11035510,2024,Problem with a company's investigation into an existing problem,0ebe0909b3a82eb71a4cadcd4b50b0424b12a6102069453609be6246d0746a56
11035782,2024,Problem with a company's investigation into an existing problem,0ebe0909b3a82eb71a4cadcd4b50b0424b12a6102069453609be6246d0746a56
11038390,2024,Problem with a company's investigation into an existing problem,0ebe0909b3a82eb71a4cadcd4b50b0424b12a6102069453609be6246d0746a56
11043820,2024,Problem with a company's investigation into an existing problem,0ebe0909b3a82eb71a4cadcd4b50b0424b12a6102069453609be6246d0746a56
11043427,2024,Problem with a company's investigation into an existing problem,0ebe0909b3a82eb71a4cadcd4b50b0424b12a6102069453609be6246d0746a56
11042555,2024,Problem with a company's investigation into an existing problem,0ebe0909b3a82eb71a4cadcd4b50b0424b12a6102069453609be6246d0746a56
11037739,2024,Problem with a company's investigation into an existing problem,0ebe0909b3a82eb71a4cadcd4b50b0424b12a6102069453609be6246d0746a56
11038213,2024,Problem with a company's investigation into an existing problem,0cad316c538f8cdad135245e785e35f6d7f4aa339e98ef66b8ce9588c940c736
11035484,2024,Problem with a company's investigation into an existing problem,0cad316c538f8cdad135245e785e35f6d7f4aa339e98ef66b8ce9588c940c736
11035147,2024,Problem with a company's investigation into an existing problem,0cad316c538f8cdad135245e785e35f6d7f4aa339e98ef66b8ce9588c940c736
11040815,2024,Problem with a company's investigation into an existing problem,0cad316c538f8cdad135245e785e35f6d7f4aa339e98ef66b8ce9588c940c736
11039055,2024,Problem with a company's investigation into an existing problem,0cad316c538f8cdad135245e785e35f6d7f4aa339e98ef66b8ce9588c940c736
11037896,2024,Problem with a company's investigation into an existing problem,0cad316c538f8cdad135245e785e35f6d7f4aa339e98ef66b8ce9588c940c736
11046595,2024,Getting a credit card,b78e8ad109547941c95d7c463e8e3507b0dab98ec458968c05ddc6b803ccc12b
11048241,2024,Getting a credit card,a1e5993595579876fcf23f4c5a8969fa0cee3f9d27499bae2bf287c6d4466fb0
11062003,2024,Problem with a company's investigation into an existing problem,0cad316c538f8cdad135245e785e35f6d7f4aa339e98ef66b8ce9588c940c736
11059260,2024,Problem with a company's investigation into an existing problem,0cad316c538f8cdad135245e785e35f6d7f4aa339e98ef66b8ce9588c940c736
11059419,2024,Problem with a company's investigation into an existing problem,0cad316c538f8cdad135245e785e35f6d7f4aa339e98ef66b8ce9588c940c736
11052264,2024,Problem with a company's investigation into an existing problem,0cad316c538f8cdad135245e785e35f6d7f4aa339e98ef66b8ce9588c940c736
11053810,2024,Problem with a company's investigation into an existing problem,35e153aff3f7d11350dc7f0eff241294c01c7dcaeec465f4776a5e770d1824de
11051038,2024,Problem with a company's investigation into an existing problem,35e153aff3f7d11350dc7f0eff241294c01c7dcaeec465f4776a5e770d1824de
11050255,2024,Problem with a company's investigation into an existing problem,0cad316c538f8cdad135245e785e35f6d7f4aa339e98ef66b8ce9588c940c736
11049764,2024,Problem with a company's investigation into an existing problem,0cad316c538f8cdad135245e785e35f6d7f4aa339e98ef66b8ce9588c940c736
11050023,2024,Problem with a company's investigation into an existing problem,0cad316c538f8cdad135245e785e35f6d7f4aa339e98ef66b8ce9588c940c736
11050169,2024,Problem with a company's investigation into an existing problem,fc8f4fd41d24ec544875489bb128a5109268af15abad216ca63847023594d84a
11076536,2024,Getting a credit card,b78e8ad109547941c95d7c463e8e3507b0dab98ec458968c05ddc6b803ccc12b
11074495,2024,Getting a credit card,b78e8ad109547941c95d7c463e8e3507b0dab98ec458968c05ddc6b803ccc12b
11072284,2024,Getting a credit card,b78e8ad109547941c95d7c463e8e3507b0dab98ec458968c05ddc6b803ccc12b
11076776,2024,Getting a credit card,b78e8ad109547941c95d7c463e8e3507b0dab98ec458968c05ddc6b803ccc12b
11073618,2024,Getting a credit card,b78e8ad109547941c95d7c463e8e3507b0dab98ec458968c05ddc6b803ccc12b
11078646,2024,Problem with a company's investigation into an existing problem,0cad316c538f8cdad135245e785e35f6d7f4aa339e98ef66b8ce9588c940c736
11091570,2024,Problem with a company's investigation into an existing problem,be8f3376c5cd3a87b8f3d08449795bf1fc4e7fca28dd75b587fca2612702832b
11089218,2024,Problem with a company's investigation into an existing problem,fc8f4fd41d24ec544875489bb128a5109268af15abad216ca63847023594d84a
11077221,2024,Problem with a company's investigation into an existing problem,fc8f4fd41d24ec544875489bb128a5109268af15abad216ca63847023594d84a
11081045,2024,Problem with a company's investigation into an existing problem,0cad316c538f8cdad135245e785e35f6d7f4aa339e98ef66b8ce9588c940c736
11100899,2024,Getting a credit card,a1e5993595579876fcf23f4c5a8969fa0cee3f9d27499bae2bf287c6d4466fb0
11101506,2024,Getting a credit card,b78e8ad109547941c95d7c463e8e3507b0dab98ec458968c05ddc6b803ccc12b
11101251,2024,Getting a credit card,b78e8ad109547941c95d7c463e8e3507b0dab98ec458968c05ddc6b803ccc12b
11100496,2024,Getting a credit card,b78e8ad109547941c95d7c463e8e3507b0dab98ec458968c05ddc6b803ccc12b
11100414,2024,Getting a credit card,b78e8ad109547941c95d7c463e8e3507b0dab98ec458968c05ddc6b803ccc12b
11097465,2024,Getting a credit card,b78e8ad109547941c95d7c463e8e3507b0dab98ec458968c05ddc6b803ccc12b
11095273,2024,Getting a credit card,b78e8ad109547941c95d7c463e8e3507b0dab98ec458968c05ddc6b803ccc12b
11097818,2024,Problem with a company's investigation into an existing problem,0cad316c538f8cdad135245e785e35f6d7f4aa339e98ef66b8ce9588c940c736
11094542,2024,Problem with a company's investigation into an existing problem,0cad316c538f8cdad135245e785e35f6d7f4aa339e98ef66b8ce9588c940c736
11120130,2024,Problem with a company's investigation into an existing problem,0ebe0909b3a82eb71a4cadcd4b50b0424b12a6102069453609be6246d0746a56
11119761,2024,Getting a credit card,b78e8ad109547941c95d7c463e8e3507b0dab98ec458968c05ddc6b803ccc12b
11108367,2024,Getting a credit card,b78e8ad109547941c95d7c463e8e3507b0dab98ec458968c05ddc6b803ccc12b
11122535,2024,Getting a credit card,b78e8ad109547941c95d7c463e8e3507b0dab98ec458968c05ddc6b803ccc12b
11110130,2024,Problem with a company's investigation into an existing problem,0cad316c538f8cdad135245e785e35f6d7f4aa339e98ef66b8ce9588c940c736
11108610,2024,Problem with a company's investigation into an existing problem,0cad316c538f8cdad135245e785e35f6d7f4aa339e98ef66b8ce9588c940c736
11112906,2024,Problem with a company's investigation into an existing problem,0ebe0909b3a82eb71a4cadcd4b50b0424b12a6102069453609be6246d0746a56
11143174,2024,Getting a credit card,b78e8ad109547941c95d7c463e8e3507b0dab98ec458968c05ddc6b803ccc12b
11141982,2024,Getting a credit card,b78e8ad109547941c95d7c463e8e3507b0dab98ec458968c05ddc6b803ccc12b
11140514,2024,Getting a credit card,b78e8ad109547941c95d7c463e8e3507b0dab98ec458968c05ddc6b803ccc12b
11151423,2024,Closing your account,0aa30da05d33df614b7074c6b651655df91ed2f66f2fc49377d228268651527f
11150110,2024,Closing your account,0aa30da05d33df614b7074c6b651655df91ed2f66f2fc49377d228268651527f
11162078,2024,Problem with a purchase shown on your statement,69658ae75908897a6201920d582a5bbbdfb06f4af2642a0ab1cbc514120523dd
11169352,2024,Problem with a purchase shown on your statement,69658ae75908897a6201920d582a5bbbdfb06f4af2642a0ab1cbc514120523dd
11172105,2024,Problem with a purchase shown on your statement,93362821a464e9b89d525f3252f4511b153e9820148b4c2e2874dd89b17eb266
11167764,2024,Problem with a purchase shown on your statement,93362821a464e9b89d525f3252f4511b153e9820148b4c2e2874dd89b17eb266
11167761,2024,Problem with a purchase shown on your statement,93362821a464e9b89d525f3252f4511b153e9820148b4c2e2874dd89b17eb266
11169466,2024,Getting a credit card,c96fb4694faeb6d28d2a46422bd234b9eafe887eb74dee30aff9889f0da88596
11165292,2024,Getting a credit card,95451f4e8d2ca73f8eeb232882179aa5fafeab61795161194a7b660ce3d1ea03
11170020,2024,Getting a credit card,6c4a2e55bf02b3c05d8f867c7855708d50629c05e33c2c620dc48f5a94fb2773
11167731,2024,Getting a credit card,6c4a2e55bf02b3c05d8f867c7855708d50629c05e33c2c620dc48f5a94fb2773
11170548,2024,Getting a credit card,6c4a2e55bf02b3c05d8f867c7855708d50629c05e33c2c620dc48f5a94fb2773
11176784,2024,Getting a credit card,95451f4e8d2ca73f8eeb232882179aa5fafeab61795161194a7b660ce3d1ea03
11176807,2024,Getting a credit card,c96fb4694faeb6d28d2a46422bd234b9eafe887eb74dee30aff9889f0da88596
11169879,2024,Getting a credit card,c96fb4694faeb6d28d2a46422bd234b9eafe887eb74dee30aff9889f0da88596
11197657,2024,Problem with a company's investigation into an existing problem,0f286caa1fbb1e97590ec9829a8da31cf77d5da51ba3fee72b436d933edab1d9
11197236,2024,Problem with a company's investigation into an existing problem,0f286caa1fbb1e97590ec9829a8da31cf77d5da51ba3fee72b436d933edab1d9
11195804,2024,Problem with a company's investigation into an existing problem,0f286caa1fbb1e97590ec9829a8da31cf77d5da51ba3fee72b436d933edab1d9
11209393,2024,Problem with a company's investigation into an existing problem,0f286caa1fbb1e97590ec9829a8da31cf77d5da51ba3fee72b436d933edab1d9
11209237,2024,Problem with a company's investigation into an existing problem,0f286caa1fbb1e97590ec9829a8da31cf77d5da51ba3fee72b436d933edab1d9
11195488,2024,Problem with a company's investigation into an existing problem,0f286caa1fbb1e97590ec9829a8da31cf77d5da51ba3fee72b436d933edab1d9
11201518,2024,Problem with a company's investigation into an existing problem,0cad316c538f8cdad135245e785e35f6d7f4aa339e98ef66b8ce9588c940c736
11196023,2024,Getting a credit card,b78e8ad109547941c95d7c463e8e3507b0dab98ec458968c05ddc6b803ccc12b
11197462,2024,Getting a credit card,b78e8ad109547941c95d7c463e8e3507b0dab98ec458968c05ddc6b803ccc12b
11195952,2024,Getting a credit card,b78e8ad109547941c95d7c463e8e3507b0dab98ec458968c05ddc6b803ccc12b
11219877,2024,Problem with a company's investigation into an existing problem,0f286caa1fbb1e97590ec9829a8da31cf77d5da51ba3fee72b436d933edab1d9
11214167,2024,Getting a credit card,b78e8ad109547941c95d7c463e8e3507b0dab98ec458968c05ddc6b803ccc12b
11213158,2024,Problem with a company's investigation into an existing problem,0f286caa1fbb1e97590ec9829a8da31cf77d5da51ba3fee72b436d933edab1d9
11217744,2024,Getting a credit card,b78e8ad109547941c95d7c463e8e3507b0dab98ec458968c05ddc6b803ccc12b
11211995,2024,Getting a credit card,b78e8ad109547941c95d7c463e8e3507b0dab98ec458968c05ddc6b803ccc12b
11212089,2024,Getting a credit card,a1e5993595579876fcf23f4c5a8969fa0cee3f9d27499bae2bf287c6d4466fb0
11211026,2024,Getting a credit card,b78e8ad109547941c95d7c463e8e3507b0dab98ec458968c05ddc6b803ccc12b
11223289,2024,Getting a credit card,b78e8ad109547941c95d7c463e8e3507b0dab98ec458968c05ddc6b803ccc12b
11232357,2024,"Other features, terms, or problems",017cd37a2081b015e3001532ee10988dc01e5a073c22879611391178d18440c6
11232314,2024,Problem with a purchase shown on your statement,c538ea824552e06d5fb00f123812279573bbac4d511d3d90d5b60180e7bddf45
11232259,2024,Problem with a purchase shown on your statement,c538ea824552e06d5fb00f123812279573bbac4d511d3d90d5b60180e7bddf45
11230307,2024,Struggling to pay your bill,017cd37a2081b015e3001532ee10988dc01e5a073c22879611391178d18440c6
11228592,2024,Getting a credit card,b78e8ad109547941c95d7c463e8e3507b0dab98ec458968c05ddc6b803ccc12b
11228381,2024,Getting a credit card,b78e8ad109547941c95d7c463e8e3507b0dab98ec458968c05ddc6b803ccc12b
11233961,2024,Getting a credit card,b78e8ad109547941c95d7c463e8e3507b0dab98ec458968c05ddc6b803ccc12b
11244471,2024,Closing your account,9c17bcb4f1347fa024d449d6652478d8f1225832f36df24099f8fba53c1e7df5
11239004,2024,Closing your account,9c17bcb4f1347fa024d449d6652478d8f1225832f36df24099f8fba53c1e7df5
11258472,2024,Getting a credit card,b78e8ad109547941c95d7c463e8e3507b0dab98ec458968c05ddc6b803ccc12b
11252940,2024,Getting a credit card,b78e8ad109547941c95d7c463e8e3507b0dab98ec458968c05ddc6b803ccc12b
11261914,2024,Getting a credit card,b78e8ad109547941c95d7c463e8e3507b0dab98ec458968c05ddc6b803ccc12b
11274333,2024,Problem with a company's investigation into an existing problem,0f286caa1fbb1e97590ec9829a8da31cf77d5da51ba3fee72b436d933edab1d9
11251072,2024,Problem when making payments,046c003324a91deabde601c3b525c45535341d0b884d290f6d9c66d3c8270f44
11253394,2024,Problem when making payments,046c003324a91deabde601c3b525c45535341d0b884d290f6d9c66d3c8270f44
11290632,2024,Problem with a company's investigation into an existing problem,d2d6ec7e0be04304fe52aad33ba02d7749d451653467b83a4fa153521e4dfcbd
11288041,2024,Problem with a company's investigation into an existing problem,d2d6ec7e0be04304fe52aad33ba02d7749d451653467b83a4fa153521e4dfcbd
11286232,2024,Problem with a company's investigation into an existing problem,d2d6ec7e0be04304fe52aad33ba02d7749d451653467b83a4fa153521e4dfcbd
11302468,2024,Problem with a company's investigation into an existing problem,0f286caa1fbb1e97590ec9829a8da31cf77d5da51ba3fee72b436d933edab1d9
11299589,2024,Getting a credit card,b78e8ad109547941c95d7c463e8e3507b0dab98ec458968c05ddc6b803ccc12b
11291880,2024,Getting a credit card,b78e8ad109547941c95d7c463e8e3507b0dab98ec458968c05ddc6b803ccc12b
11291606,2024,Getting a credit card,b78e8ad109547941c95d7c463e8e3507b0dab98ec458968c05ddc6b803ccc12b
11295674,2024,Getting a credit card,b78e8ad109547941c95d7c463e8e3507b0dab98ec458968c05ddc6b803ccc12b
11310096,2024,Getting a credit card,b78e8ad109547941c95d7c463e8e3507b0dab98ec458968c05ddc6b803ccc12b
11311051,2024,Getting a credit card,b78e8ad109547941c95d7c463e8e3507b0dab98ec458968c05ddc6b803ccc12b
11310944,2024,Getting a credit card,b78e8ad109547941c95d7c463e8e3507b0dab98ec458968c05ddc6b803ccc12b
11327592,2024,Struggling to pay your bill,50060d1ae244745cd0187be70f8c76d797cc4155e0c4145f80b3088d85e288d3
11326996,2024,Struggling to pay your bill,50060d1ae244745cd0187be70f8c76d797cc4155e0c4145f80b3088d85e288d3
11332494,2024,Problem when making payments,f0c2a266a51c36e8038a8ba0d534ed1ecca617a18eba9e7614033abd7ac1aea7
11338589,2024,Problem when making payments,f0c2a266a51c36e8038a8ba0d534ed1ecca617a18eba9e7614033abd7ac1aea7
11333261,2024,Problem when making payments,1d3646a35b300b137b35f306c8af864d04c16e732d6083b5af60b7b66a9be74f
11332363,2024,Problem when making payments,1d3646a35b300b137b35f306c8af864d04c16e732d6083b5af60b7b66a9be74f
11337729,2024,Getting a credit card,b78e8ad109547941c95d7c463e8e3507b0dab98ec458968c05ddc6b803ccc12b
