source,Product,rows,narratives
CCDB_Export_14_November_2025_through_December_2025.csv,Checking or savings account,13769,6829
CCDB_Export_14_November_2025_through_December_2025.csv,Credit card,14720,6836
CCDB_Export_14_November_2025_through_December_2025.csv,Credit reporting or other personal consumer reports,903508,96308
CCDB_Export_14_November_2025_through_December_2025.csv,Debt collection,54989,13499
CCDB_Export_14_November_2025_through_December_2025.csv,Debt or credit management,681,385
CCDB_Export_14_November_2025_through_December_2025.csv,"Money transfer, virtual currency, or money service",5752,3171
CCDB_Export_14_November_2025_through_December_2025.csv,Mortgage,4866,2379
CCDB_Export_14_November_2025_through_December_2025.csv,"Payday loan, title loan, personal loan, or advance loan",2681,1410
CCDB_Export_14_November_2025_through_December_2025.csv,Prepaid card,1125,630
CCDB_Export_14_November_2025_through_December_2025.csv,Student loan,2851,1141
CCDB_Export_14_November_2025_through_December_2025.csv,Vehicle loan or lease,4190,2053
CCDB_Export_8_November_2024_through_December_2024.csv,Checking or savings account,9973,5648
CCDB_Export_8_November_2024_through_December_2024.csv,Credit card,12792,5527
CCDB_Export_8_November_2024_through_December_2024.csv,Credit reporting or other personal consumer reports,521672,123356
CCDB_Export_8_November_2024_through_December_2024.csv,Debt collection,31879,11706
CCDB_Export_8_November_2024_through_December_2024.csv,Debt or credit management,682,416
CCDB_Export_8_November_2024_through_December_2024.csv,"Money transfer, virtual currency, or money service",3147,2041
CCDB_Export_8_November_2024_through_December_2024.csv,Mortgage,3501,2032
CCDB_Export_8_November_2024_through_December_2024.csv,"Payday loan, title loan, personal loan, or advance loan",1609,922
CCDB_Export_8_November_2024_through_December_2024.csv,Prepaid card,1178,680
CCDB_Export_8_November_2024_through_December_2024.csv,Student loan,2239,1227
CCDB_Export_8_November_2024_through_December_2024.csv,Vehicle loan or lease,2386,1361
