model,epoch,Issue,true_support,true_share_percent,predicted_count,predicted_share_percent,true_positive_count,precision,recall,f1
Epoch 1,1.0,"Advertising and marketing, including promotional offers",151,5.602968460111318,130,4.823747680890538,67,0.5153846153846153,0.44370860927152317,0.47686832740213525
Epoch 1,1.0,Closing your account,232,8.608534322820038,271,10.0556586270872,145,0.5350553505535055,0.625,0.5765407554671969
Epoch 1,1.0,Fees or interest,359,13.320964749536179,624,23.15398886827458,308,0.4935897435897436,0.8579387186629527,0.6266531027466938
Epoch 1,1.0,Getting a credit card,310,11.50278293135436,305,11.317254174397032,189,0.6196721311475409,0.6096774193548387,0.6146341463414634
Epoch 1,1.0,Incorrect information on your report,84,3.116883116883117,225,8.348794063079778,47,0.2088888888888889,0.5595238095238095,0.3042071197411003
Epoch 1,1.0,"Other features, terms, or problems",350,12.987012987012987,17,0.6307977736549165,7,0.4117647058823529,0.02,0.03814713896457766
Epoch 1,1.0,Problem when making payments,212,7.866419294990724,157,5.825602968460111,78,0.4968152866242038,0.36792452830188677,0.42276422764227645
Epoch 1,1.0,Problem with a company's investigation into an existing problem,46,1.7068645640074211,0,0.0,0,0.0,0.0,0.0
Epoch 1,1.0,Problem with a purchase shown on your statement,782,29.01669758812616,810,30.055658627087197,624,0.7703703703703704,0.7979539641943734,0.7839195979899497
Epoch 1,1.0,Struggling to pay your bill,35,1.2987012987012987,71,2.6345083487940633,14,0.19718309859154928,0.4,0.2641509433962264
Epoch 1,1.0,Trouble using your card,134,4.9721706864564,85,3.1539888682745825,33,0.38823529411764707,0.2462686567164179,0.3013698630136986
Epoch 2,2.0,"Advertising and marketing, including promotional offers",151,5.602968460111318,171,6.345083487940631,85,0.49707602339181284,0.5629139072847682,0.5279503105590062
Epoch 2,2.0,Closing your account,232,8.608534322820038,259,9.61038961038961,152,0.5868725868725869,0.6551724137931034,0.6191446028513238
Epoch 2,2.0,Fees or interest,359,13.320964749536179,536,19.8886827458256,299,0.5578358208955224,0.8328690807799443,0.6681564245810055
Epoch 2,2.0,Getting a credit card,310,11.50278293135436,409,15.176252319109462,224,0.5476772616136919,0.7225806451612903,0.6230876216968011
Epoch 2,2.0,Incorrect information on your report,84,3.116883116883117,142,5.2690166975881265,38,0.2676056338028169,0.4523809523809524,0.336283185840708
Epoch 2,2.0,"Other features, terms, or problems",350,12.987012987012987,9,0.3339517625231911,7,0.7777777777777778,0.02,0.03899721448467967
Epoch 2,2.0,Problem when making payments,212,7.866419294990724,275,10.204081632653061,115,0.41818181818181815,0.5424528301886793,0.4722792607802875
Epoch 2,2.0,Problem with a company's investigation into an existing problem,46,1.7068645640074211,0,0.0,0,0.0,0.0,0.0
Epoch 2,2.0,Problem with a purchase shown on your statement,782,29.01669758812616,798,29.61038961038961,636,0.7969924812030075,0.8132992327365729,0.8050632911392405
Epoch 2,2.0,Struggling to pay your bill,35,1.2987012987012987,21,0.7792207792207793,7,0.3333333333333333,0.2,0.25
Epoch 2,2.0,Trouble using your card,134,4.9721706864564,75,2.782931354359926,40,0.5333333333333333,0.29850746268656714,0.3827751196172249
Epoch 3,3.0,"Advertising and marketing, including promotional offers",151,5.602968460111318,189,7.012987012987013,91,0.48148148148148145,0.6026490066225165,0.5352941176470588
Epoch 3,3.0,Closing your account,232,8.608534322820038,241,8.942486085343228,150,0.6224066390041494,0.646551724137931,0.6342494714587738
Epoch 3,3.0,Fees or interest,359,13.320964749536179,492,18.256029684601113,289,0.5873983739837398,0.8050139275766016,0.6792009400705052
Epoch 3,3.0,Getting a credit card,310,11.50278293135436,346,12.838589981447125,216,0.6242774566473989,0.6967741935483871,0.6585365853658537
Epoch 3,3.0,Incorrect information on your report,84,3.116883116883117,190,7.050092764378479,43,0.22631578947368422,0.5119047619047619,0.31386861313868614
Epoch 3,3.0,"Other features, terms, or problems",350,12.987012987012987,8,0.29684601113172543,4,0.5,0.011428571428571429,0.0223463687150838
Epoch 3,3.0,Problem when making payments,212,7.866419294990724,247,9.165120593692022,109,0.44129554655870445,0.5141509433962265,0.4749455337690632
Epoch 3,3.0,Problem with a company's investigation into an existing problem,46,1.7068645640074211,0,0.0,0,0.0,0.0,0.0
Epoch 3,3.0,Problem with a purchase shown on your statement,782,29.01669758812616,837,31.05751391465677,662,0.7909199522102748,0.8465473145780051,0.8177887584928969
Epoch 3,3.0,Struggling to pay your bill,35,1.2987012987012987,28,1.0389610389610389,8,0.2857142857142857,0.22857142857142856,0.25396825396825395
Epoch 3,3.0,Trouble using your card,134,4.9721706864564,117,4.341372912801484,59,0.5042735042735043,0.44029850746268656,0.4701195219123506
Epoch 4,4.0,"Advertising and marketing, including promotional offers",151,5.602968460111318,210,7.792207792207792,94,0.44761904761904764,0.6225165562913907,0.5207756232686981
Epoch 4,4.0,Closing your account,232,8.608534322820038,231,8.571428571428571,152,0.658008658008658,0.6551724137931034,0.6565874730021598
Epoch 4,4.0,Fees or interest,359,13.320964749536179,434,16.103896103896105,274,0.631336405529954,0.7632311977715878,0.691046658259773
Epoch 4,4.0,Getting a credit card,310,11.50278293135436,355,13.172541743970315,221,0.6225352112676056,0.7129032258064516,0.6646616541353384
Epoch 4,4.0,Incorrect information on your report,84,3.116883116883117,216,8.014842300556586,48,0.2222222222222222,0.5714285714285714,0.32
Epoch 4,4.0,"Other features, terms, or problems",350,12.987012987012987,5,0.18552875695732837,2,0.4,0.005714285714285714,0.011267605633802818
Epoch 4,4.0,Problem when making payments,212,7.866419294990724,282,10.463821892393321,114,0.40425531914893614,0.5377358490566038,0.46153846153846156
Epoch 4,4.0,Problem with a company's investigation into an existing problem,46,1.7068645640074211,1,0.03710575139146568,0,0.0,0.0,0.0
Epoch 4,4.0,Problem with a purchase shown on your statement,782,29.01669758812616,791,29.350649350649352,652,0.8242730720606827,0.8337595907928389,0.8289891926255563
Epoch 4,4.0,Struggling to pay your bill,35,1.2987012987012987,35,1.2987012987012987,11,0.3142857142857143,0.3142857142857143,0.3142857142857143
Epoch 4,4.0,Trouble using your card,134,4.9721706864564,135,5.009276437847866,66,0.4888888888888889,0.4925373134328358,0.49070631970260226
Epoch 5,5.0,"Advertising and marketing, including promotional offers",151,5.602968460111318,189,7.012987012987013,89,0.4708994708994709,0.5894039735099338,0.5235294117647059
Epoch 5,5.0,Closing your account,232,8.608534322820038,261,9.684601113172542,165,0.632183908045977,0.7112068965517241,0.6693711967545639
Epoch 5,5.0,Fees or interest,359,13.320964749536179,418,15.510204081632653,269,0.6435406698564593,0.7493036211699164,0.6924066924066924
Epoch 5,5.0,Getting a credit card,310,11.50278293135436,378,14.025974025974026,227,0.6005291005291006,0.7322580645161291,0.6598837209302325
Epoch 5,5.0,Incorrect information on your report,84,3.116883116883117,200,7.421150278293135,46,0.23,0.5476190476190477,0.323943661971831
Epoch 5,5.0,"Other features, terms, or problems",350,12.987012987012987,5,0.18552875695732837,2,0.4,0.005714285714285714,0.011267605633802818
Epoch 5,5.0,Problem when making payments,212,7.866419294990724,254,9.424860853432282,111,0.43700787401574803,0.5235849056603774,0.47639484978540775
Epoch 5,5.0,Problem with a company's investigation into an existing problem,46,1.7068645640074211,0,0.0,0,0.0,0.0,0.0
Epoch 5,5.0,Problem with a purchase shown on your statement,782,29.01669758812616,808,29.981447124304268,659,0.8155940594059405,0.8427109974424553,0.8289308176100629
Epoch 5,5.0,Struggling to pay your bill,35,1.2987012987012987,39,1.4471243042671613,10,0.2564102564102564,0.2857142857142857,0.2702702702702703
Epoch 5,5.0,Trouble using your card,134,4.9721706864564,143,5.3061224489795915,67,0.46853146853146854,0.5,0.48375451263537905
Epoch 6,6.0,"Advertising and marketing, including promotional offers",151,5.602968460111318,196,7.2727272727272725,93,0.4744897959183674,0.6158940397350994,0.5360230547550432
Epoch 6,6.0,Closing your account,232,8.608534322820038,252,9.35064935064935,161,0.6388888888888888,0.6939655172413793,0.6652892561983471
Epoch 6,6.0,Fees or interest,359,13.320964749536179,414,15.36178107606679,271,0.6545893719806763,0.754874651810585,0.7011642949547219
Epoch 6,6.0,Getting a credit card,310,11.50278293135436,342,12.690166975881262,222,0.6491228070175439,0.7161290322580646,0.6809815950920245
Epoch 6,6.0,Incorrect information on your report,84,3.116883116883117,208,7.717996289424861,47,0.22596153846153846,0.5595238095238095,0.3219178082191781
Epoch 6,6.0,"Other features, terms, or problems",350,12.987012987012987,9,0.3339517625231911,3,0.3333333333333333,0.008571428571428572,0.016713091922005572
Epoch 6,6.0,Problem when making payments,212,7.866419294990724,263,9.758812615955472,115,0.4372623574144487,0.5424528301886793,0.4842105263157895
Epoch 6,6.0,Problem with a company's investigation into an existing problem,46,1.7068645640074211,2,0.07421150278293136,0,0.0,0.0,0.0
Epoch 6,6.0,Problem with a purchase shown on your statement,782,29.01669758812616,831,30.834879406307977,664,0.7990373044524669,0.8491048593350383,0.8233106013639182
Epoch 6,6.0,Struggling to pay your bill,35,1.2987012987012987,30,1.1131725417439704,9,0.3,0.2571428571428571,0.27692307692307694
Epoch 6,6.0,Trouble using your card,134,4.9721706864564,148,5.49165120593692,69,0.46621621621621623,0.5149253731343284,0.48936170212765956
Epoch 7,7.0,"Advertising and marketing, including promotional offers",151,5.602968460111318,209,7.755102040816326,96,0.45933014354066987,0.6357615894039735,0.5333333333333333
Epoch 7,7.0,Closing your account,232,8.608534322820038,237,8.794063079777365,155,0.6540084388185654,0.6681034482758621,0.6609808102345416
Epoch 7,7.0,Fees or interest,359,13.320964749536179,424,15.732838589981448,272,0.6415094339622641,0.7576601671309192,0.6947637292464879
Epoch 7,7.0,Getting a credit card,310,11.50278293135436,341,12.653061224489797,223,0.6539589442815249,0.7193548387096774,0.685099846390169
Epoch 7,7.0,Incorrect information on your report,84,3.116883116883117,199,7.38404452690167,45,0.22613065326633167,0.5357142857142857,0.31802120141342755
Epoch 7,7.0,"Other features, terms, or problems",350,12.987012987012987,11,0.40816326530612246,3,0.2727272727272727,0.008571428571428572,0.01662049861495845
Epoch 7,7.0,Problem when making payments,212,7.866419294990724,259,9.61038961038961,113,0.4362934362934363,0.5330188679245284,0.47983014861995754
Epoch 7,7.0,Problem with a company's investigation into an existing problem,46,1.7068645640074211,2,0.07421150278293136,0,0.0,0.0,0.0
Epoch 7,7.0,Problem with a purchase shown on your statement,782,29.01669758812616,826,30.649350649350648,661,0.8002421307506054,0.8452685421994884,0.822139303482587
Epoch 7,7.0,Struggling to pay your bill,35,1.2987012987012987,35,1.2987012987012987,10,0.2857142857142857,0.2857142857142857,0.2857142857142857
Epoch 7,7.0,Trouble using your card,134,4.9721706864564,152,5.640074211502783,72,0.47368421052631576,0.5373134328358209,0.5034965034965035
Epoch 8,8.0,"Advertising and marketing, including promotional offers",151,5.602968460111318,218,8.089053803339517,98,0.44954128440366975,0.6490066225165563,0.5311653116531165
Epoch 8,8.0,Closing your account,232,8.608534322820038,232,8.608534322820038,152,0.6551724137931034,0.6551724137931034,0.6551724137931034
Epoch 8,8.0,Fees or interest,359,13.320964749536179,423,15.695732838589981,272,0.6430260047281324,0.7576601671309192,0.6956521739130435
Epoch 8,8.0,Getting a credit card,310,11.50278293135436,335,12.430426716141001,221,0.6597014925373135,0.7129032258064516,0.6852713178294574
Epoch 8,8.0,Incorrect information on your report,84,3.116883116883117,200,7.421150278293135,45,0.225,0.5357142857142857,0.31690140845070425
Epoch 8,8.0,"Other features, terms, or problems",350,12.987012987012987,12,0.4452690166975881,4,0.3333333333333333,0.011428571428571429,0.022099447513812154
Epoch 8,8.0,Problem when making payments,212,7.866419294990724,249,9.239332096474953,113,0.4538152610441767,0.5330188679245284,0.49023861171366595
Epoch 8,8.0,Problem with a company's investigation into an existing problem,46,1.7068645640074211,2,0.07421150278293136,0,0.0,0.0,0.0
Epoch 8,8.0,Problem with a purchase shown on your statement,782,29.01669758812616,836,31.020408163265305,666,0.7966507177033493,0.8516624040920716,0.823238566131026
Epoch 8,8.0,Struggling to pay your bill,35,1.2987012987012987,36,1.3358070500927643,11,0.3055555555555556,0.3142857142857143,0.30985915492957744
Epoch 8,8.0,Trouble using your card,134,4.9721706864564,152,5.640074211502783,74,0.4868421052631579,0.5522388059701493,0.5174825174825175
TF-IDF,,"Advertising and marketing, including promotional offers",151,5.602968460111318,133,4.935064935064935,81,0.6090225563909775,0.5364238410596026,0.5704225352112676
TF-IDF,,Closing your account,232,8.608534322820038,239,8.868274582560296,143,0.5983263598326359,0.6163793103448276,0.6072186836518046
TF-IDF,,Fees or interest,359,13.320964749536179,400,14.84230055658627,257,0.6425,0.7158774373259053,0.6772068511198946
TF-IDF,,Getting a credit card,310,11.50278293135436,391,14.50834879406308,246,0.629156010230179,0.7935483870967742,0.7018544935805991
TF-IDF,,Incorrect information on your report,84,3.116883116883117,101,3.7476808905380334,36,0.3564356435643564,0.42857142857142855,0.3891891891891892
TF-IDF,,"Other features, terms, or problems",350,12.987012987012987,198,7.346938775510204,94,0.47474747474747475,0.26857142857142857,0.34306569343065696
TF-IDF,,Problem when making payments,212,7.866419294990724,247,9.165120593692022,120,0.48582995951417,0.5660377358490566,0.5228758169934641
TF-IDF,,Problem with a company's investigation into an existing problem,46,1.7068645640074211,15,0.5565862708719852,6,0.4,0.13043478260869565,0.19672131147540983
TF-IDF,,Problem with a purchase shown on your statement,782,29.01669758812616,824,30.575139146567718,672,0.8155339805825242,0.8593350383631714,0.8368617683686177
TF-IDF,,Struggling to pay your bill,35,1.2987012987012987,24,0.8905380333951762,8,0.3333333333333333,0.22857142857142856,0.2711864406779661
TF-IDF,,Trouble using your card,134,4.9721706864564,123,4.564007421150278,65,0.5284552845528455,0.48507462686567165,0.5058365758754864
Frozen MiniLM,,"Advertising and marketing, including promotional offers",151,5.602968460111318,170,6.307977736549165,83,0.48823529411764705,0.5496688741721855,0.5171339563862928
Frozen MiniLM,,Closing your account,232,8.608534322820038,248,9.202226345083488,148,0.5967741935483871,0.6379310344827587,0.6166666666666667
Frozen MiniLM,,Fees or interest,359,13.320964749536179,328,12.170686456400743,232,0.7073170731707317,0.6462395543175488,0.6754002911208151
Frozen MiniLM,,Getting a credit card,310,11.50278293135436,314,11.651205936920222,206,0.6560509554140127,0.6645161290322581,0.6602564102564102
Frozen MiniLM,,Incorrect information on your report,84,3.116883116883117,137,5.083487940630798,37,0.27007299270072993,0.44047619047619047,0.334841628959276
Frozen MiniLM,,"Other features, terms, or problems",350,12.987012987012987,230,8.534322820037106,97,0.4217391304347826,0.27714285714285714,0.33448275862068966
Frozen MiniLM,,Problem when making payments,212,7.866419294990724,228,8.460111317254174,104,0.45614035087719296,0.49056603773584906,0.4727272727272727
Frozen MiniLM,,Problem with a company's investigation into an existing problem,46,1.7068645640074211,100,3.7105751391465676,15,0.15,0.32608695652173914,0.2054794520547945
Frozen MiniLM,,Problem with a purchase shown on your statement,782,29.01669758812616,716,26.567717996289424,615,0.8589385474860335,0.7864450127877238,0.8210947930574098
Frozen MiniLM,,Struggling to pay your bill,35,1.2987012987012987,70,2.5974025974025974,18,0.2571428571428571,0.5142857142857142,0.34285714285714286
Frozen MiniLM,,Trouble using your card,134,4.9721706864564,154,5.714285714285714,72,0.4675324675324675,0.5373134328358209,0.5
