Issue,train_support,loss_weight
"Advertising and marketing, including promotional offers",129,1.7082453
Closing your account,211,1.0443774
Fees or interest,328,0.67184037
Getting a credit card,291,0.75726336
Incorrect information on your report,94,2.344294
"Other features, terms, or problems",322,0.68435913
Problem when making payments,168,1.3116883
Problem with a company's investigation into an existing problem,46,4.790514
Problem with a purchase shown on your statement,682,0.32311383
Struggling to pay your bill,37,5.955774
Trouble using your card,116,1.8996866
