split,Issue,narratives,truncated_count,truncated_percent,mean_narrative_retained_percent,corpus_tokens_retained_percent,retain_at_least_50_percent_narratives,retain_at_least_75_percent_narratives,retain_at_least_90_percent_narratives,retain_at_least_100_percent_narratives,retention_percentile_0,retention_percentile_10,retention_percentile_25,retention_percentile_50,retention_percentile_75,retention_percentile_90,retention_percentile_100
train,"Advertising and marketing, including promotional offers",129,13,10.077519379844961,97.72307126233622,92.6069926011896,99.2248062015504,96.89922480620154,92.24806201550388,89.92248062015504,35.49060542797495,98.44484629294756,100.0,100.0,100.0,100.0,100.0
train,Closing your account,211,36,17.061611374407583,96.02828334023724,87.39703459637562,98.5781990521327,93.36492890995261,88.15165876777252,82.93838862559242,36.11898016997167,88.08290155440415,100.0,100.0,100.0,100.0,100.0
train,Fees or interest,328,34,10.365853658536585,97.09693698418336,83.41912700784874,98.17073170731707,94.8170731707317,91.76829268292683,89.63414634146342,6.63544106167057,98.7434652725915,100.0,100.0,100.0,100.0,100.0
train,Getting a credit card,291,21,7.216494845360824,97.98695932991747,90.71612311345362,99.3127147766323,96.56357388316151,94.15807560137456,92.78350515463917,39.504260263361736,100.0,100.0,100.0,100.0,100.0,100.0
train,Incorrect information on your report,94,1,1.0638297872340425,99.92804076393482,99.72509101716324,100.0,100.0,100.0,98.93617021276596,93.23583180987202,100.0,100.0,100.0,100.0,100.0,100.0
train,"Other features, terms, or problems",322,41,12.732919254658384,96.82619627600805,86.5798692333147,98.4472049689441,94.40993788819875,90.99378881987577,87.26708074534162,14.182424916573972,93.03354443804733,100.0,100.0,100.0,100.0,100.0
train,Problem when making payments,168,25,14.880952380952381,95.71938614421853,84.52138089484839,97.61904761904762,92.85714285714286,88.69047619047619,85.11904761904762,24.963289280469898,83.75802179343611,100.0,100.0,100.0,100.0,100.0
train,Problem with a company's investigation into an existing problem,46,5,10.869565217391305,96.07224864294396,84.96556358138754,95.65217391304348,91.30434782608695,91.30434782608695,89.13043478260869,45.053003533568905,98.9443378119002,100.0,100.0,100.0,100.0,100.0
train,Problem with a purchase shown on your statement,682,118,17.302052785923756,94.59777558957882,82.65210302114546,96.62756598240469,90.32258064516128,86.07038123167156,82.69794721407625,20.294468762435336,77.15582450832072,100.0,100.0,100.0,100.0,100.0
train,Struggling to pay your bill,37,3,8.108108108108109,98.27859653533639,95.2154195011338,100.0,97.2972972972973,91.8918918918919,91.8918918918919,72.03389830508475,100.0,100.0,100.0,100.0,100.0,100.0
train,Trouble using your card,116,12,10.344827586206897,96.79324503399978,85.9783384136455,96.55172413793103,95.6896551724138,90.51724137931035,89.65517241379311,26.75760755508919,98.47908745247148,100.0,100.0,100.0,100.0,100.0
validation,"Advertising and marketing, including promotional offers",151,19,12.582781456953644,96.22257643339448,87.54236324348913,97.35099337748345,92.71523178807946,90.06622516556291,87.41721854304636,37.74981495188749,91.72661870503596,100.0,100.0,100.0,100.0,100.0
validation,Closing your account,232,23,9.913793103448276,97.50112709848322,91.03595039159936,99.13793103448276,95.25862068965517,92.24137931034483,90.08620689655173,36.11898016997167,100.0,100.0,100.0,100.0,100.0,100.0
validation,Fees or interest,359,37,10.30640668523677,97.27073901013337,90.09522405039291,98.32869080779945,94.70752089136491,92.20055710306406,89.69359331476323,34.25117528542646,99.49332524271844,100.0,100.0,100.0,100.0,100.0
validation,Getting a credit card,310,19,6.129032258064516,97.56731138865659,81.94925850307835,98.06451612903226,95.80645161290322,94.19354838709677,93.87096774193549,17.782426778242677,100.0,100.0,100.0,100.0,100.0,100.0
validation,Incorrect information on your report,84,4,4.761904761904762,98.6921465891034,93.27024981074943,100.0,97.61904761904762,95.23809523809523,95.23809523809523,51.41129032258065,100.0,100.0,100.0,100.0,100.0,100.0
validation,"Other features, terms, or problems",350,56,16.0,96.06254227667317,88.04448390262138,98.85714285714286,93.14285714285714,87.71428571428571,84.0,21.16182572614108,87.269359798714,100.0,100.0,100.0,100.0,100.0
validation,Problem when making payments,212,24,11.320754716981133,97.3535861971647,89.41113193143174,98.11320754716981,96.22641509433963,91.98113207547169,88.67924528301887,19.547719432732848,95.36287282355211,100.0,100.0,100.0,100.0,100.0
validation,Problem with a company's investigation into an existing problem,46,3,6.521739130434782,98.22179001524066,92.1146953405018,100.0,95.65217391304348,95.65217391304348,93.47826086956522,62.73062730627307,100.0,100.0,100.0,100.0,100.0,100.0
validation,Problem with a purchase shown on your statement,782,123,15.728900255754475,95.15430076129505,83.1788573781025,96.67519181585678,91.30434782608695,87.0843989769821,84.27109974424553,12.759569677257943,80.97816196542311,100.0,100.0,100.0,100.0,100.0
validation,Struggling to pay your bill,35,1,2.857142857142857,98.1784952787085,88.06546035125066,97.14285714285714,97.14285714285714,97.14285714285714,97.14285714285714,36.247334754797436,100.0,100.0,100.0,100.0,100.0,100.0
validation,Trouble using your card,134,18,13.432835820895523,95.84659451618124,80.89308610316598,97.01492537313433,94.02985074626866,89.55223880597015,86.56716417910447,17.81970649895178,89.66338106750976,100.0,100.0,100.0,100.0,100.0
